{
	"player_pos": [
		900.00000000,
		696.00000000
	],
	"portal_pos": [
		832.00000000,
		836.00000000
	],
	"enemies": [

	],
	"enemy_data": [
		{
			"id": [
				143,
				119,
				149,
				9,
				93,
				43,
				68,
				242,
				146,
				192,
				253,
				4,
				125,
				144,
				144,
				54
			],
			"pos": [
				812.00000000,
				768.00000000
			],
			"start_disabled": false,
			"look_angle": 176.37783813,
			"health": 80.00000000,
			"max_health": 80.00000000,
			"variant": 1
		}
	],
	"items": [

	],
	"exploding_barrels": [

	],
	"walls": [
		{
			"entity": {
				"id": [
					47,
					102,
					26,
					62,
					159,
					220,
					74,
					26,
					131,
					6,
					98,
					88,
					86,
					7,
					105,
					227
				],
				"pos": [
					656.00000000,
					664.00000000
				],
				"queue_free": false,
				"start_disabled": false
			},
			"shape": {
				"x": 0.00000000,
				"y": 0.00000000,
				"width": 280.00000000,
				"height": 8.00000000
			}
		},
		{
			"entity": {
				"id": [
					254,
					165,
					86,
					13,
					171,
					11,
					75,
					65,
					135,
					160,
					60,
					153,
					118,
					180,
					68,
					143
				],
				"pos": [
					928.00000000,
					664.00000000
				],
				"queue_free": false,
				"start_disabled": false
			},
			"shape": {
				"x": 0.00000000,
				"y": 0.00000000,
				"width": 8.00000000,
				"height": 208.00000000
			}
		},
		{
			"entity": {
				"id": [
					30,
					72,
					206,
					130,
					123,
					203,
					75,
					75,
					153,
					100,
					124,
					232,
					93,
					161,
					221,
					31
				],
				"pos": [
					720.00000000,
					728.00000000
				],
				"queue_free": false,
				"start_disabled": false
			},
			"shape": {
				"x": 0.00000000,
				"y": 0.00000000,
				"width": 216.00000000,
				"height": 8.00000000
			}
		},
		{
			"entity": {
				"id": [
					13,
					87,
					96,
					82,
					197,
					239,
					68,
					110,
					163,
					184,
					71,
					58,
					85,
					205,
					3,
					151
				],
				"pos": [
					656.00000000,
					664.00000000
				],
				"queue_free": false,
				"start_disabled": false
			},
			"shape": {
				"x": 0.00000000,
				"y": 0.00000000,
				"width": 8.00000000,
				"height": 136.00000000
			}
		},
		{
			"entity": {
				"id": [
					19,
					169,
					86,
					130,
					85,
					45,
					79,
					154,
					156,
					224,
					66,
					3,
					75,
					67,
					9,
					119
				],
				"pos": [
					656.00000000,
					800.00000000
				],
				"queue_free": false,
				"start_disabled": false
			},
			"shape": {
				"x": 0.00000000,
				"y": 0.00000000,
				"width": 208.00000000,
				"height": 8.00000000
			}
		},
		{
			"entity": {
				"id": [
					131,
					5,
					110,
					36,
					38,
					166,
					70,
					194,
					131,
					8,
					252,
					130,
					187,
					246,
					25,
					103
				],
				"pos": [
					792.00000000,
					800.00000000
				],
				"queue_free": false,
				"start_disabled": false
			},
			"shape": {
				"x": 0.00000000,
				"y": 0.00000000,
				"width": 8.00000000,
				"height": 72.00000000
			}
		},
		{
			"entity": {
				"id": [
					48,
					41,
					84,
					39,
					220,
					178,
					70,
					148,
					165,
					34,
					32,
					229,
					195,
					228,
					183,
					151
				],
				"pos": [
					792.00000000,
					864.00000000
				],
				"queue_free": false,
				"start_disabled": false
			},
			"shape": {
				"x": 0.00000000,
				"y": 0.00000000,
				"width": 144.00000000,
				"height": 8.00000000
			}
		}
	],
	"half_walls": [

	],
	"bounds": {
		"x": 0.00000000,
		"y": 0.00000000,
		"width": 0.00000000,
		"height": 0.00000000
	},
	"has_tutorial": true
}