{
	"player_pos": [
		536.00000000,
		696.00000000
	],
	"portal_pos": [
		544.00000000,
		760.00000000
	],
	"enemies": [

	],
	"enemy_data": [
		{
			"id": [
				42,
				128,
				80,
				119,
				193,
				108,
				77,
				109,
				129,
				128,
				201,
				6,
				71,
				177,
				140,
				93
			],
			"pos": [
				728.00000000,
				736.00000000
			],
			"start_disabled": false,
			"look_angle": 137.58412170,
			"health": 80.00000000,
			"max_health": 80.00000000,
			"variant": 1
		},
		{
			"id": [
				66,
				166,
				171,
				114,
				59,
				130,
				77,
				2,
				167,
				118,
				80,
				102,
				119,
				124,
				215,
				24
			],
			"pos": [
				660.00000000,
				779.00000000
			],
			"start_disabled": false,
			"look_angle": 165.06735229,
			"health": 80.00000000,
			"max_health": 80.00000000,
			"variant": 0
		},
		{
			"id": [
				55,
				135,
				73,
				143,
				236,
				6,
				72,
				171,
				165,
				63,
				22,
				21,
				190,
				191,
				56,
				182
			],
			"pos": [
				608.00000000,
				786.00000000
			],
			"start_disabled": false,
			"look_angle": 138.92718506,
			"health": 80.00000000,
			"max_health": 80.00000000,
			"variant": 0
		}
	],
	"items": [
		{
			"moving_entity": {
				"physics_entity": {
					"entity": {
						"id": [
							108,
							32,
							82,
							144,
							103,
							164,
							75,
							192,
							162,
							166,
							171,
							56,
							19,
							37,
							34,
							232
						],
						"pos": [
							592.00000000,
							696.00000000
						],
						"queue_free": false,
						"start_disabled": false
					},
					"shape": {
						"pos": [
							0.00000000,
							0.00000000
						],
						"radius": 4.00000000
					}
				},
				"vel": [
					0.00000000,
					0.00000000
				]
			},
			"data": {
				"id": 1,
				"count": 1,
				"max_count": 0
			}
		},
		{
			"moving_entity": {
				"physics_entity": {
					"entity": {
						"id": [
							125,
							30,
							52,
							230,
							233,
							51,
							67,
							9,
							136,
							80,
							230,
							22,
							163,
							81,
							5,
							154
						],
						"pos": [
							732.00000000,
							696.00000000
						],
						"queue_free": false,
						"start_disabled": false
					},
					"shape": {
						"pos": [
							0.00000000,
							0.00000000
						],
						"radius": 4.00000000
					}
				},
				"vel": [
					0.00000000,
					0.00000000
				]
			},
			"data": {
				"id": 1,
				"count": 1,
				"max_count": 0
			}
		},
		{
			"moving_entity": {
				"physics_entity": {
					"entity": {
						"id": [
							221,
							59,
							109,
							123,
							8,
							179,
							69,
							92,
							189,
							48,
							198,
							159,
							24,
							194,
							60,
							108
						],
						"pos": [
							768.00000000,
							728.00000000
						],
						"queue_free": false,
						"start_disabled": false
					},
					"shape": {
						"pos": [
							0.00000000,
							0.00000000
						],
						"radius": 4.00000000
					}
				},
				"vel": [
					0.00000000,
					0.00000000
				]
			},
			"data": {
				"id": 1,
				"count": 1,
				"max_count": 0
			}
		}
	],
	"exploding_barrels": [
		{
			"moving_entity": {
				"physics_entity": {
					"entity": {
						"id": [
							187,
							182,
							185,
							218,
							55,
							100,
							66,
							49,
							138,
							213,
							154,
							7,
							249,
							61,
							119,
							91
						],
						"pos": [
							684.00000000,
							777.00000000
						],
						"queue_free": false,
						"start_disabled": false
					},
					"shape": {
						"pos": [
							0.00000000,
							0.00000000
						],
						"radius": 6.00000000
					}
				},
				"vel": [
					0.00000000,
					0.00000000
				]
			},
			"health": 50.00000000,
			"max_health": 50.00000000
		}
	],
	"walls": [
		{
			"entity": {
				"id": [
					47,
					102,
					26,
					62,
					159,
					220,
					74,
					26,
					131,
					6,
					98,
					88,
					86,
					7,
					105,
					227
				],
				"pos": [
					504.00000000,
					720.00000000
				],
				"queue_free": false,
				"start_disabled": false
			},
			"shape": {
				"x": 0.00000000,
				"y": 0.00000000,
				"width": 152.00000000,
				"height": 8.00000000
			}
		},
		{
			"entity": {
				"id": [
					214,
					157,
					70,
					240,
					142,
					106,
					76,
					0,
					178,
					54,
					109,
					21,
					246,
					253,
					216,
					11
				],
				"pos": [
					512.00000000,
					664.00000000
				],
				"queue_free": false,
				"start_disabled": false
			},
			"shape": {
				"x": 0.00000000,
				"y": 0.00000000,
				"width": 280.00000000,
				"height": 8.00000000
			}
		},
		{
			"entity": {
				"id": [
					13,
					87,
					96,
					82,
					197,
					239,
					68,
					110,
					163,
					184,
					71,
					58,
					85,
					205,
					3,
					151
				],
				"pos": [
					504.00000000,
					664.00000000
				],
				"queue_free": false,
				"start_disabled": false
			},
			"shape": {
				"x": 0.00000000,
				"y": 0.00000000,
				"width": 8.00000000,
				"height": 208.00000000
			}
		},
		{
			"entity": {
				"id": [
					74,
					254,
					40,
					215,
					79,
					7,
					68,
					163,
					179,
					118,
					206,
					243,
					241,
					141,
					155,
					1
				],
				"pos": [
					696.00000000,
					720.00000000
				],
				"queue_free": false,
				"start_disabled": false
			},
			"shape": {
				"x": 0.00000000,
				"y": 0.00000000,
				"width": 40.00000000,
				"height": 8.00000000
			}
		},
		{
			"entity": {
				"id": [
					11,
					45,
					58,
					142,
					34,
					202,
					73,
					72,
					159,
					163,
					169,
					34,
					212,
					43,
					30,
					160
				],
				"pos": [
					736.00000000,
					720.00000000
				],
				"queue_free": false,
				"start_disabled": false
			},
			"shape": {
				"x": 0.00000000,
				"y": 0.00000000,
				"width": 8.00000000,
				"height": 24.00000000
			}
		},
		{
			"entity": {
				"id": [
					191,
					239,
					43,
					36,
					106,
					195,
					64,
					60,
					171,
					225,
					182,
					44,
					110,
					187,
					94,
					47
				],
				"pos": [
					568.00000000,
					800.00000000
				],
				"queue_free": false,
				"start_disabled": false
			},
			"shape": {
				"x": 0.00000000,
				"y": 0.00000000,
				"width": 88.00000000,
				"height": 8.00000000
			}
		},
		{
			"entity": {
				"id": [
					20,
					137,
					230,
					175,
					41,
					239,
					71,
					122,
					176,
					163,
					19,
					100,
					142,
					122,
					73,
					3
				],
				"pos": [
					792.00000000,
					664.00000000
				],
				"queue_free": false,
				"start_disabled": false
			},
			"shape": {
				"x": 0.00000000,
				"y": 0.00000000,
				"width": 8.00000000,
				"height": 208.00000000
			}
		},
		{
			"entity": {
				"id": [
					224,
					4,
					170,
					147,
					189,
					154,
					69,
					131,
					155,
					222,
					244,
					149,
					6,
					150,
					192,
					158
				],
				"pos": [
					504.00000000,
					864.00000000
				],
				"queue_free": false,
				"start_disabled": false
			},
			"shape": {
				"x": 0.00000000,
				"y": 0.00000000,
				"width": 296.00000000,
				"height": 8.00000000
			}
		},
		{
			"entity": {
				"id": [
					186,
					119,
					76,
					59,
					214,
					125,
					69,
					70,
					149,
					17,
					104,
					177,
					5,
					79,
					41,
					237
				],
				"pos": [
					736.00000000,
					784.00000000
				],
				"queue_free": false,
				"start_disabled": false
			},
			"shape": {
				"x": 0.00000000,
				"y": 0.00000000,
				"width": 8.00000000,
				"height": 24.00000000
			}
		},
		{
			"entity": {
				"id": [
					155,
					40,
					164,
					61,
					34,
					228,
					66,
					189,
					186,
					88,
					255,
					62,
					235,
					130,
					176,
					204
				],
				"pos": [
					696.00000000,
					800.00000000
				],
				"queue_free": false,
				"start_disabled": false
			},
			"shape": {
				"x": 0.00000000,
				"y": 0.00000000,
				"width": 48.00000000,
				"height": 8.00000000
			}
		}
	],
	"half_walls": [
		{
			"physics_entity": {
				"entity": {
					"id": [
						152,
						35,
						27,
						113,
						141,
						220,
						75,
						24,
						142,
						83,
						78,
						50,
						154,
						44,
						62,
						145
					],
					"pos": [
						656.00000000,
						800.00000000
					],
					"queue_free": false,
					"start_disabled": false
				},
				"shape": {
					"x": 0.00000000,
					"y": 0.00000000,
					"width": 40.00000000,
					"height": 8.00000000
				}
			}
		},
		{
			"physics_entity": {
				"entity": {
					"id": [
						141,
						15,
						200,
						217,
						46,
						58,
						77,
						1,
						169,
						63,
						240,
						145,
						100,
						249,
						196,
						2
					],
					"pos": [
						656.00000000,
						720.00000000
					],
					"queue_free": false,
					"start_disabled": false
				},
				"shape": {
					"x": 0.00000000,
					"y": 0.00000000,
					"width": 40.00000000,
					"height": 8.00000000
				}
			}
		},
		{
			"physics_entity": {
				"entity": {
					"id": [
						201,
						96,
						119,
						0,
						229,
						126,
						78,
						119,
						144,
						54,
						241,
						249,
						159,
						223,
						111,
						53
					],
					"pos": [
						736.00000000,
						744.00000000
					],
					"queue_free": false,
					"start_disabled": false
				},
				"shape": {
					"x": 0.00000000,
					"y": 0.00000000,
					"width": 8.00000000,
					"height": 40.00000000
				}
			}
		}
	],
	"bounds": {
		"x": 0.00000000,
		"y": 0.00000000,
		"width": 0.00000000,
		"height": 0.00000000
	},
	"has_tutorial": true
}