{
	"player_pos": [
		840.00000000,
		896.00000000
	],
	"portal_pos": [
		840.00000000,
		624.00000000
	],
	"enemies": [

	],
	"enemy_data": [
		{
			"id": [
				7,
				63,
				103,
				142,
				140,
				172,
				74,
				184,
				162,
				152,
				101,
				221,
				150,
				88,
				68,
				181
			],
			"pos": [
				888.00000000,
				716.00000000
			],
			"start_disabled": false,
			"look_angle": 164.28163147,
			"health": 80.00000000,
			"max_health": 80.00000000,
			"variant": 0
		},
		{
			"id": [
				69,
				20,
				220,
				183,
				19,
				56,
				67,
				182,
				129,
				248,
				223,
				58,
				193,
				170,
				166,
				84
			],
			"pos": [
				802.00000000,
				758.00000000
			],
			"start_disabled": false,
			"look_angle": 67.16703033,
			"health": 80.00000000,
			"max_health": 80.00000000,
			"variant": 0
		}
	],
	"items": [

	],
	"exploding_barrels": [

	],
	"walls": [
		{
			"entity": {
				"id": [
					240,
					184,
					242,
					199,
					149,
					151,
					66,
					128,
					188,
					240,
					181,
					154,
					252,
					220,
					157,
					34
				],
				"pos": [
					800.00000000,
					584.00000000
				],
				"queue_free": false,
				"start_disabled": false
			},
			"shape": {
				"x": 0.00000000,
				"y": 0.00000000,
				"width": 8.00000000,
				"height": 80.00000000
			}
		},
		{
			"entity": {
				"id": [
					234,
					147,
					210,
					134,
					140,
					35,
					71,
					10,
					160,
					238,
					214,
					141,
					210,
					225,
					211,
					87
				],
				"pos": [
					800.00000000,
					584.00000000
				],
				"queue_free": false,
				"start_disabled": false
			},
			"shape": {
				"x": 0.00000000,
				"y": 0.00000000,
				"width": 80.00000000,
				"height": 8.00000000
			}
		},
		{
			"entity": {
				"id": [
					6,
					105,
					21,
					160,
					42,
					194,
					78,
					179,
					129,
					26,
					116,
					107,
					96,
					11,
					25,
					122
				],
				"pos": [
					872.00000000,
					584.00000000
				],
				"queue_free": false,
				"start_disabled": false
			},
			"shape": {
				"x": 0.00000000,
				"y": 0.00000000,
				"width": 8.00000000,
				"height": 80.00000000
			}
		},
		{
			"entity": {
				"id": [
					197,
					191,
					173,
					213,
					8,
					112,
					76,
					145,
					135,
					220,
					161,
					140,
					70,
					60,
					108,
					105
				],
				"pos": [
					744.00000000,
					656.00000000
				],
				"queue_free": false,
				"start_disabled": false
			},
			"shape": {
				"x": 0.00000000,
				"y": 0.00000000,
				"width": 56.00000000,
				"height": 8.00000000
			}
		},
		{
			"entity": {
				"id": [
					96,
					148,
					0,
					66,
					58,
					116,
					64,
					243,
					177,
					32,
					148,
					38,
					67,
					183,
					221,
					52
				],
				"pos": [
					744.00000000,
					664.00000000
				],
				"queue_free": false,
				"start_disabled": false
			},
			"shape": {
				"x": 0.00000000,
				"y": 0.00000000,
				"width": 8.00000000,
				"height": 208.00000000
			}
		},
		{
			"entity": {
				"id": [
					47,
					102,
					26,
					62,
					159,
					220,
					74,
					26,
					131,
					6,
					98,
					88,
					86,
					7,
					105,
					227
				],
				"pos": [
					872.00000000,
					656.00000000
				],
				"queue_free": false,
				"start_disabled": false
			},
			"shape": {
				"x": 0.00000000,
				"y": 0.00000000,
				"width": 56.00000000,
				"height": 8.00000000
			}
		},
		{
			"entity": {
				"id": [
					254,
					165,
					86,
					13,
					171,
					11,
					75,
					65,
					135,
					160,
					60,
					153,
					118,
					180,
					68,
					143
				],
				"pos": [
					928.00000000,
					656.00000000
				],
				"queue_free": false,
				"start_disabled": false
			},
			"shape": {
				"x": 0.00000000,
				"y": 0.00000000,
				"width": 8.00000000,
				"height": 216.00000000
			}
		},
		{
			"entity": {
				"id": [
					103,
					30,
					229,
					201,
					81,
					10,
					75,
					82,
					137,
					121,
					171,
					173,
					144,
					79,
					225,
					105
				],
				"pos": [
					744.00000000,
					864.00000000
				],
				"queue_free": false,
				"start_disabled": false
			},
			"shape": {
				"x": 0.00000000,
				"y": 0.00000000,
				"width": 72.00000000,
				"height": 8.00000000
			}
		},
		{
			"entity": {
				"id": [
					30,
					72,
					206,
					130,
					123,
					203,
					75,
					75,
					153,
					100,
					124,
					232,
					93,
					161,
					221,
					31
				],
				"pos": [
					864.00000000,
					760.00000000
				],
				"queue_free": false,
				"start_disabled": false
			},
			"shape": {
				"x": 0.00000000,
				"y": 0.00000000,
				"width": 72.00000000,
				"height": 8.00000000
			}
		},
		{
			"entity": {
				"id": [
					209,
					81,
					4,
					33,
					156,
					12,
					77,
					66,
					189,
					137,
					69,
					206,
					194,
					232,
					40,
					0
				],
				"pos": [
					864.00000000,
					864.00000000
				],
				"queue_free": false,
				"start_disabled": false
			},
			"shape": {
				"x": 0.00000000,
				"y": 0.00000000,
				"width": 72.00000000,
				"height": 8.00000000
			}
		},
		{
			"entity": {
				"id": [
					12,
					9,
					139,
					144,
					242,
					247,
					78,
					34,
					161,
					60,
					106,
					99,
					41,
					1,
					193,
					7
				],
				"pos": [
					808.00000000,
					872.00000000
				],
				"queue_free": false,
				"start_disabled": false
			},
			"shape": {
				"x": 0.00000000,
				"y": 0.00000000,
				"width": 8.00000000,
				"height": 56.00000000
			}
		},
		{
			"entity": {
				"id": [
					41,
					170,
					91,
					35,
					169,
					204,
					71,
					34,
					130,
					196,
					134,
					23,
					36,
					72,
					93,
					57
				],
				"pos": [
					864.00000000,
					872.00000000
				],
				"queue_free": false,
				"start_disabled": false
			},
			"shape": {
				"x": 0.00000000,
				"y": 0.00000000,
				"width": 8.00000000,
				"height": 56.00000000
			}
		},
		{
			"entity": {
				"id": [
					109,
					86,
					7,
					249,
					208,
					73,
					66,
					2,
					130,
					20,
					103,
					55,
					117,
					214,
					231,
					100
				],
				"pos": [
					808.00000000,
					920.00000000
				],
				"queue_free": false,
				"start_disabled": false
			},
			"shape": {
				"x": 0.00000000,
				"y": 0.00000000,
				"width": 64.00000000,
				"height": 8.00000000
			}
		}
	],
	"half_walls": [

	],
	"bounds": {
		"x": 0.00000000,
		"y": 0.00000000,
		"width": 0.00000000,
		"height": 0.00000000
	},
	"has_tutorial": true
}