{
	"version": 4,
	"player_pos": [
		900.00000000,
		872.00000000
	],
	"portal_pos": [
		976.00000000,
		608.00000000
	],
	"enemies": [

	],
	"enemy_data": [
		{
			"id": [
				143,
				119,
				149,
				9,
				93,
				43,
				68,
				242,
				146,
				192,
				253,
				4,
				125,
				144,
				144,
				54
			],
			"pos": [
				1032.00000000,
				640.00000000
			],
			"start_disabled": false,
			"look_angle": 92.14189911,
			"health": 80.00000000,
			"max_health": 80.00000000,
			"variant": 1
		},
		{
			"id": [
				59,
				15,
				16,
				41,
				186,
				16,
				78,
				222,
				172,
				131,
				209,
				36,
				121,
				217,
				57,
				183
			],
			"pos": [
				1032.00000000,
				765.00000000
			],
			"start_disabled": false,
			"look_angle": 172.72064209,
			"health": 80.00000000,
			"max_health": 80.00000000,
			"variant": 0
		},
		{
			"id": [
				209,
				22,
				236,
				164,
				70,
				40,
				77,
				146,
				182,
				109,
				131,
				108,
				163,
				226,
				77,
				180
			],
			"pos": [
				1036.00000000,
				682.00000000
			],
			"start_disabled": false,
			"look_angle": 103.85906219,
			"health": 80.00000000,
			"max_health": 80.00000000,
			"variant": 0
		},
		{
			"id": [
				63,
				148,
				214,
				71,
				11,
				40,
				79,
				211,
				130,
				113,
				185,
				123,
				94,
				89,
				215,
				44
			],
			"pos": [
				985.00000000,
				793.00000000
			],
			"start_disabled": false,
			"look_angle": -175.34249878,
			"health": 80.00000000,
			"max_health": 80.00000000,
			"variant": 0
		}
	],
	"items": [

	],
	"exploding_barrels": [

	],
	"walls": [
		{
			"entity": {
				"id": [
					47,
					102,
					26,
					62,
					159,
					220,
					74,
					26,
					131,
					6,
					98,
					88,
					86,
					7,
					105,
					227
				],
				"pos": [
					864.00000000,
					896.00000000
				],
				"queue_free": false,
				"start_disabled": false
			},
			"shape": {
				"x": 0.00000000,
				"y": 0.00000000,
				"width": 72.00000000,
				"height": 8.00000000
			}
		},
		{
			"entity": {
				"id": [
					254,
					165,
					86,
					13,
					171,
					11,
					75,
					65,
					135,
					160,
					60,
					153,
					118,
					180,
					68,
					143
				],
				"pos": [
					928.00000000,
					808.00000000
				],
				"queue_free": false,
				"start_disabled": false
			},
			"shape": {
				"x": 0.00000000,
				"y": 0.00000000,
				"width": 8.00000000,
				"height": 88.00000000
			}
		},
		{
			"entity": {
				"id": [
					13,
					87,
					96,
					82,
					197,
					239,
					68,
					110,
					163,
					184,
					71,
					58,
					85,
					205,
					3,
					151
				],
				"pos": [
					864.00000000,
					752.00000000
				],
				"queue_free": false,
				"start_disabled": false
			},
			"shape": {
				"x": 0.00000000,
				"y": 0.00000000,
				"width": 8.00000000,
				"height": 144.00000000
			}
		},
		{
			"entity": {
				"id": [
					214,
					157,
					70,
					240,
					142,
					106,
					76,
					0,
					178,
					54,
					109,
					21,
					246,
					253,
					216,
					11
				],
				"pos": [
					864.00000000,
					744.00000000
				],
				"queue_free": false,
				"start_disabled": false
			},
			"shape": {
				"x": 0.00000000,
				"y": 0.00000000,
				"width": 144.00000000,
				"height": 8.00000000
			}
		},
		{
			"entity": {
				"id": [
					126,
					198,
					113,
					112,
					184,
					253,
					72,
					163,
					190,
					169,
					184,
					117,
					8,
					21,
					180,
					111
				],
				"pos": [
					928.00000000,
					808.00000000
				],
				"queue_free": false,
				"start_disabled": false
			},
			"shape": {
				"x": 0.00000000,
				"y": 0.00000000,
				"width": 136.00000000,
				"height": 8.00000000
			}
		},
		{
			"entity": {
				"id": [
					205,
					158,
					10,
					181,
					87,
					135,
					67,
					231,
					164,
					230,
					47,
					88,
					205,
					243,
					132,
					227
				],
				"pos": [
					1000.00000000,
					632.00000000
				],
				"queue_free": false,
				"start_disabled": false
			},
			"shape": {
				"x": 0.00000000,
				"y": 0.00000000,
				"width": 8.00000000,
				"height": 112.00000000
			}
		},
		{
			"entity": {
				"id": [
					209,
					52,
					214,
					145,
					8,
					238,
					69,
					185,
					141,
					217,
					72,
					247,
					89,
					238,
					254,
					240
				],
				"pos": [
					1056.00000000,
					576.00000000
				],
				"queue_free": false,
				"start_disabled": false
			},
			"shape": {
				"x": 0.00000000,
				"y": 0.00000000,
				"width": 8.00000000,
				"height": 232.00000000
			}
		},
		{
			"entity": {
				"id": [
					177,
					58,
					11,
					3,
					24,
					174,
					65,
					33,
					162,
					158,
					227,
					224,
					193,
					33,
					204,
					237
				],
				"pos": [
					944.00000000,
					576.00000000
				],
				"queue_free": false,
				"start_disabled": false
			},
			"shape": {
				"x": 0.00000000,
				"y": 0.00000000,
				"width": 120.00000000,
				"height": 8.00000000
			}
		},
		{
			"entity": {
				"id": [
					154,
					212,
					74,
					83,
					164,
					104,
					64,
					87,
					162,
					114,
					80,
					73,
					119,
					212,
					172,
					13
				],
				"pos": [
					944.00000000,
					632.00000000
				],
				"queue_free": false,
				"start_disabled": false
			},
			"shape": {
				"x": 0.00000000,
				"y": 0.00000000,
				"width": 64.00000000,
				"height": 8.00000000
			}
		},
		{
			"entity": {
				"id": [
					190,
					207,
					165,
					203,
					237,
					156,
					74,
					227,
					140,
					23,
					11,
					47,
					137,
					177,
					15,
					239
				],
				"pos": [
					944.00000000,
					576.00000000
				],
				"queue_free": false,
				"start_disabled": false
			},
			"shape": {
				"x": 0.00000000,
				"y": 0.00000000,
				"width": 8.00000000,
				"height": 56.00000000
			}
		}
	],
	"half_walls": [

	],
	"bounds": {
		"x": 0.00000000,
		"y": 0.00000000,
		"width": 0.00000000,
		"height": 0.00000000
	},
	"has_tutorial": true,
	"save_after_completion": false
}