{
	"version": 4,
	"player_pos": [
		561.00000000,
		484.00000000
	],
	"portal_pos": [
		816.00000000,
		312.00000000
	],
	"enemies": [

	],
	"enemy_data": [
		{
			"id": [
				231,
				38,
				25,
				58,
				123,
				191,
				65,
				54,
				178,
				152,
				92,
				2,
				224,
				191,
				190,
				5
			],
			"pos": [
				656.00000000,
				400.00000000
			],
			"start_disabled": false,
			"look_angle": 166.52684021,
			"health": 80.00000000,
			"max_health": 80.00000000,
			"variant": 0
		},
		{
			"id": [
				252,
				198,
				103,
				13,
				152,
				124,
				73,
				200,
				152,
				45,
				136,
				243,
				96,
				182,
				51,
				242
			],
			"pos": [
				761.00000000,
				338.66668701
			],
			"start_disabled": false,
			"look_angle": 0.00000000,
			"health": 80.00000000,
			"max_health": 80.00000000,
			"variant": 0
		},
		{
			"id": [
				169,
				209,
				171,
				74,
				66,
				214,
				77,
				106,
				130,
				205,
				238,
				148,
				49,
				25,
				74,
				192
			],
			"pos": [
				707.22222900,
				294.66668701
			],
			"start_disabled": false,
			"look_angle": 0.00000000,
			"health": 80.00000000,
			"max_health": 80.00000000,
			"variant": 0
		},
		{
			"id": [
				149,
				150,
				191,
				147,
				188,
				241,
				68,
				248,
				163,
				176,
				114,
				227,
				115,
				169,
				247,
				34
			],
			"pos": [
				601.44445801,
				295.55560303
			],
			"start_disabled": false,
			"look_angle": 0.00000000,
			"health": 80.00000000,
			"max_health": 80.00000000,
			"variant": 0
		},
		{
			"id": [
				192,
				33,
				181,
				252,
				73,
				15,
				76,
				192,
				164,
				68,
				187,
				112,
				126,
				174,
				96,
				55
			],
			"pos": [
				736.11108398,
				379.55560303
			],
			"start_disabled": false,
			"look_angle": 0.00000000,
			"health": 80.00000000,
			"max_health": 80.00000000,
			"variant": 0
		}
	],
	"items": [
		{
			"moving_entity": {
				"physics_entity": {
					"entity": {
						"id": [
							193,
							11,
							74,
							81,
							44,
							22,
							79,
							107,
							155,
							216,
							120,
							101,
							193,
							141,
							110,
							30
						],
						"pos": [
							580.00000000,
							480.00000000
						],
						"queue_free": false,
						"start_disabled": false
					},
					"shape": {
						"pos": [
							0.00000000,
							0.00000000
						],
						"radius": 4.00000000
					}
				},
				"vel": [
					0.00000000,
					0.00000000
				]
			},
			"data": {
				"id": 1,
				"count": 1,
				"max_count": 0
			}
		}
	],
	"exploding_barrels": [
		{
			"moving_entity": {
				"physics_entity": {
					"entity": {
						"id": [
							83,
							195,
							10,
							1,
							54,
							181,
							74,
							65,
							155,
							218,
							38,
							62,
							251,
							38,
							127,
							229
						],
						"pos": [
							672.00000000,
							435.00000000
						],
						"queue_free": false,
						"start_disabled": false
					},
					"shape": {
						"pos": [
							0.00000000,
							0.00000000
						],
						"radius": 6.00000000
					}
				},
				"vel": [
					0.00000000,
					0.00000000
				]
			},
			"health": 50.00000000,
			"max_health": 50.00000000
		}
	],
	"walls": [
		{
			"entity": {
				"id": [
					190,
					155,
					236,
					197,
					199,
					158,
					73,
					74,
					172,
					40,
					68,
					9,
					248,
					168,
					244,
					96
				],
				"pos": [
					520.00000000,
					336.00000000
				],
				"queue_free": false,
				"start_disabled": false
			},
			"shape": {
				"x": 0.00000000,
				"y": 0.00000000,
				"width": 8.00000000,
				"height": 168.00000000
			}
		},
		{
			"entity": {
				"id": [
					48,
					98,
					6,
					204,
					220,
					114,
					75,
					22,
					162,
					58,
					225,
					12,
					176,
					54,
					5,
					133
				],
				"pos": [
					768.00000000,
					344.00000000
				],
				"queue_free": false,
				"start_disabled": false
			},
			"shape": {
				"x": 0.00000000,
				"y": 0.00000000,
				"width": 192.00000000,
				"height": 8.00000000
			}
		},
		{
			"entity": {
				"id": [
					145,
					253,
					143,
					255,
					84,
					98,
					75,
					113,
					183,
					14,
					104,
					216,
					212,
					106,
					199,
					109
				],
				"pos": [
					592.00000000,
					392.00000000
				],
				"queue_free": false,
				"start_disabled": false
			},
			"shape": {
				"x": 0.00000000,
				"y": 0.00000000,
				"width": 8.00000000,
				"height": 48.00000000
			}
		},
		{
			"entity": {
				"id": [
					152,
					235,
					170,
					41,
					194,
					150,
					70,
					177,
					137,
					67,
					203,
					146,
					214,
					169,
					125,
					212
				],
				"pos": [
					520.00000000,
					504.00000000
				],
				"queue_free": false,
				"start_disabled": false
			},
			"shape": {
				"x": 0.00000000,
				"y": 0.00000000,
				"width": 248.00000000,
				"height": 8.00000000
			}
		},
		{
			"entity": {
				"id": [
					0,
					186,
					179,
					93,
					18,
					184,
					70,
					143,
					184,
					12,
					229,
					19,
					81,
					15,
					160,
					48
				],
				"pos": [
					688.00000000,
					416.00000000
				],
				"queue_free": false,
				"start_disabled": false
			},
			"shape": {
				"x": 0.00000000,
				"y": 0.00000000,
				"width": 8.00000000,
				"height": 40.00000000
			}
		},
		{
			"entity": {
				"id": [
					201,
					245,
					101,
					112,
					34,
					147,
					65,
					118,
					154,
					170,
					44,
					19,
					162,
					89,
					201,
					176
				],
				"pos": [
					768.00000000,
					344.00000000
				],
				"queue_free": false,
				"start_disabled": false
			},
			"shape": {
				"x": 0.00000000,
				"y": 0.00000000,
				"width": 8.00000000,
				"height": 168.00000000
			}
		},
		{
			"entity": {
				"id": [
					153,
					202,
					65,
					94,
					92,
					184,
					67,
					96,
					146,
					164,
					16,
					178,
					87,
					162,
					207,
					216
				],
				"pos": [
					952.00000000,
					208.00000000
				],
				"queue_free": false,
				"start_disabled": false
			},
			"shape": {
				"x": 0.00000000,
				"y": 0.00000000,
				"width": 8.00000000,
				"height": 144.00000000
			}
		},
		{
			"entity": {
				"id": [
					3,
					144,
					233,
					226,
					144,
					106,
					66,
					62,
					191,
					118,
					157,
					248,
					12,
					86,
					189,
					145
				],
				"pos": [
					520.00000000,
					328.00000000
				],
				"queue_free": false,
				"start_disabled": false
			},
			"shape": {
				"x": 0.00000000,
				"y": 0.00000000,
				"width": 40.00000000,
				"height": 8.00000000
			}
		},
		{
			"entity": {
				"id": [
					224,
					139,
					196,
					27,
					36,
					38,
					65,
					143,
					170,
					242,
					200,
					14,
					235,
					146,
					189,
					225
				],
				"pos": [
					552.00000000,
					264.00000000
				],
				"queue_free": false,
				"start_disabled": false
			},
			"shape": {
				"x": 0.00000000,
				"y": 0.00000000,
				"width": 8.00000000,
				"height": 64.00000000
			}
		},
		{
			"entity": {
				"id": [
					213,
					208,
					248,
					168,
					10,
					78,
					69,
					33,
					174,
					14,
					132,
					195,
					200,
					254,
					160,
					8
				],
				"pos": [
					552.00000000,
					264.00000000
				],
				"queue_free": false,
				"start_disabled": false
			},
			"shape": {
				"x": 0.00000000,
				"y": 0.00000000,
				"width": 144.00000000,
				"height": 8.00000000
			}
		},
		{
			"entity": {
				"id": [
					39,
					127,
					83,
					248,
					190,
					27,
					69,
					9,
					174,
					183,
					74,
					148,
					63,
					125,
					196,
					8
				],
				"pos": [
					688.00000000,
					208.00000000
				],
				"queue_free": false,
				"start_disabled": false
			},
			"shape": {
				"x": 0.00000000,
				"y": 0.00000000,
				"width": 8.00000000,
				"height": 64.00000000
			}
		},
		{
			"entity": {
				"id": [
					9,
					63,
					159,
					192,
					248,
					37,
					72,
					4,
					151,
					85,
					84,
					145,
					141,
					34,
					220,
					65
				],
				"pos": [
					688.00000000,
					208.00000000
				],
				"queue_free": false,
				"start_disabled": false
			},
			"shape": {
				"x": 0.00000000,
				"y": 0.00000000,
				"width": 264.00000000,
				"height": 8.00000000
			}
		},
		{
			"entity": {
				"id": [
					122,
					12,
					33,
					22,
					237,
					163,
					70,
					183,
					191,
					140,
					138,
					97,
					234,
					0,
					250,
					12
				],
				"pos": [
					648.00000000,
					344.00000000
				],
				"queue_free": false,
				"start_disabled": false
			},
			"shape": {
				"x": 0.00000000,
				"y": 0.00000000,
				"width": 32.00000000,
				"height": 8.00000000
			}
		}
	],
	"half_walls": [

	],
	"bounds": {
		"x": 0.00000000,
		"y": 0.00000000,
		"width": 0.00000000,
		"height": 0.00000000
	},
	"has_tutorial": false,
	"save_after_completion": false
}