{
	"version": 4,
	"player_pos": [
		464.00000000,
		768.00000000
	],
	"portal_pos": [
		528.00000000,
		496.00000000
	],
	"enemies": [

	],
	"enemy_data": [
		{
			"id": [
				224,
				175,
				154,
				245,
				41,
				122,
				64,
				164,
				172,
				28,
				127,
				117,
				186,
				235,
				29,
				24
			],
			"pos": [
				462.00000000,
				496.00000000
			],
			"start_disabled": false,
			"look_angle": 73.87023926,
			"health": 80.00000000,
			"max_health": 80.00000000,
			"variant": 0
		},
		{
			"id": [
				107,
				89,
				0,
				117,
				101,
				13,
				69,
				159,
				173,
				249,
				77,
				97,
				201,
				122,
				27,
				222
			],
			"pos": [
				462.00000000,
				566.00000000
			],
			"start_disabled": false,
			"look_angle": 70.74171448,
			"health": 80.00000000,
			"max_health": 80.00000000,
			"variant": 0
		},
		{
			"id": [
				122,
				44,
				202,
				127,
				124,
				217,
				69,
				215,
				160,
				208,
				133,
				98,
				209,
				184,
				30,
				240
			],
			"pos": [
				495.00000000,
				608.00000000
			],
			"start_disabled": false,
			"look_angle": 10.76927185,
			"health": 80.00000000,
			"max_health": 80.00000000,
			"variant": 0
		},
		{
			"id": [
				2,
				19,
				50,
				93,
				189,
				116,
				64,
				27,
				169,
				144,
				251,
				156,
				64,
				5,
				223,
				114
			],
			"pos": [
				582.00000000,
				613.00000000
			],
			"start_disabled": false,
			"look_angle": 30.71732903,
			"health": 80.00000000,
			"max_health": 80.00000000,
			"variant": 0
		},
		{
			"id": [
				179,
				195,
				215,
				172,
				237,
				47,
				67,
				195,
				132,
				155,
				235,
				176,
				231,
				19,
				234,
				17
			],
			"pos": [
				615.00000000,
				604.00000000
			],
			"start_disabled": false,
			"look_angle": 22.92086792,
			"health": 80.00000000,
			"max_health": 80.00000000,
			"variant": 0
		},
		{
			"id": [
				28,
				151,
				250,
				78,
				29,
				225,
				65,
				176,
				176,
				5,
				37,
				9,
				95,
				60,
				199,
				183
			],
			"pos": [
				652.55511475,
				609.22259521
			],
			"start_disabled": false,
			"look_angle": 0.00000000,
			"health": 80.00000000,
			"max_health": 80.00000000,
			"variant": 0
		},
		{
			"id": [
				184,
				220,
				148,
				135,
				223,
				104,
				64,
				133,
				163,
				237,
				82,
				155,
				30,
				173,
				110,
				180
			],
			"pos": [
				663.00000000,
				690.00000000
			],
			"start_disabled": false,
			"look_angle": 171.57836914,
			"health": 80.00000000,
			"max_health": 80.00000000,
			"variant": 0
		},
		{
			"id": [
				114,
				116,
				98,
				204,
				127,
				87,
				70,
				192,
				151,
				239,
				150,
				219,
				167,
				50,
				253,
				23
			],
			"pos": [
				646.00000000,
				717.00000000
			],
			"start_disabled": false,
			"look_angle": -179.63449097,
			"health": 80.00000000,
			"max_health": 80.00000000,
			"variant": 0
		},
		{
			"id": [
				155,
				38,
				144,
				120,
				189,
				83,
				65,
				103,
				170,
				163,
				189,
				174,
				53,
				40,
				222,
				231
			],
			"pos": [
				584.00000000,
				724.00000000
			],
			"start_disabled": false,
			"look_angle": 175.14828491,
			"health": 80.00000000,
			"max_health": 80.00000000,
			"variant": 0
		},
		{
			"id": [
				223,
				103,
				183,
				177,
				92,
				215,
				64,
				219,
				163,
				83,
				164,
				26,
				27,
				255,
				231,
				174
			],
			"pos": [
				551.00000000,
				723.00000000
			],
			"start_disabled": false,
			"look_angle": -161.78849792,
			"health": 80.00000000,
			"max_health": 80.00000000,
			"variant": 0
		},
		{
			"id": [
				68,
				147,
				242,
				116,
				122,
				111,
				74,
				5,
				186,
				175,
				119,
				46,
				227,
				141,
				10,
				30
			],
			"pos": [
				665.00000000,
				729.00000000
			],
			"start_disabled": false,
			"look_angle": 163.64356995,
			"health": 80.00000000,
			"max_health": 80.00000000,
			"variant": 0
		}
	],
	"items": [

	],
	"exploding_barrels": [

	],
	"walls": [
		{
			"entity": {
				"id": [
					151,
					30,
					117,
					39,
					119,
					197,
					77,
					144,
					133,
					32,
					67,
					109,
					252,
					15,
					101,
					189
				],
				"pos": [
					552.00000000,
					464.00000000
				],
				"queue_free": false,
				"start_disabled": false
			},
			"shape": {
				"x": 0.00000000,
				"y": 0.00000000,
				"width": 8.00000000,
				"height": 64.00000000
			}
		},
		{
			"entity": {
				"id": [
					58,
					190,
					47,
					170,
					136,
					125,
					72,
					204,
					186,
					201,
					106,
					54,
					67,
					173,
					242,
					118
				],
				"pos": [
					488.00000000,
					520.00000000
				],
				"queue_free": false,
				"start_disabled": false
			},
			"shape": {
				"x": 0.00000000,
				"y": 0.00000000,
				"width": 72.00000000,
				"height": 8.00000000
			}
		},
		{
			"entity": {
				"id": [
					19,
					210,
					110,
					177,
					217,
					235,
					72,
					115,
					184,
					252,
					166,
					114,
					253,
					185,
					168,
					110
				],
				"pos": [
					432.00000000,
					464.00000000
				],
				"queue_free": false,
				"start_disabled": false
			},
			"shape": {
				"x": 0.00000000,
				"y": 0.00000000,
				"width": 128.00000000,
				"height": 8.00000000
			}
		},
		{
			"entity": {
				"id": [
					109,
					215,
					162,
					165,
					121,
					2,
					77,
					196,
					180,
					99,
					236,
					165,
					214,
					51,
					247,
					58
				],
				"pos": [
					432.00000000,
					464.00000000
				],
				"queue_free": false,
				"start_disabled": false
			},
			"shape": {
				"x": 0.00000000,
				"y": 0.00000000,
				"width": 8.00000000,
				"height": 168.00000000
			}
		},
		{
			"entity": {
				"id": [
					135,
					82,
					117,
					8,
					24,
					249,
					76,
					3,
					141,
					226,
					59,
					198,
					26,
					0,
					161,
					148
				],
				"pos": [
					488.00000000,
					520.00000000
				],
				"queue_free": false,
				"start_disabled": false
			},
			"shape": {
				"x": 0.00000000,
				"y": 0.00000000,
				"width": 8.00000000,
				"height": 64.00000000
			}
		},
		{
			"entity": {
				"id": [
					156,
					25,
					198,
					218,
					248,
					242,
					75,
					119,
					158,
					172,
					120,
					144,
					250,
					41,
					249,
					116
				],
				"pos": [
					432.00000000,
					632.00000000
				],
				"queue_free": false,
				"start_disabled": false
			},
			"shape": {
				"x": 0.00000000,
				"y": 0.00000000,
				"width": 192.00000000,
				"height": 8.00000000
			}
		},
		{
			"entity": {
				"id": [
					45,
					232,
					12,
					251,
					236,
					233,
					70,
					53,
					141,
					71,
					92,
					3,
					93,
					203,
					249,
					157
				],
				"pos": [
					488.00000000,
					576.00000000
				],
				"queue_free": false,
				"start_disabled": false
			},
			"shape": {
				"x": 0.00000000,
				"y": 0.00000000,
				"width": 200.00000000,
				"height": 8.00000000
			}
		},
		{
			"entity": {
				"id": [
					106,
					31,
					1,
					174,
					125,
					156,
					73,
					176,
					161,
					64,
					232,
					227,
					199,
					201,
					93,
					24
				],
				"pos": [
					680.00000000,
					584.00000000
				],
				"queue_free": false,
				"start_disabled": false
			},
			"shape": {
				"x": 0.00000000,
				"y": 0.00000000,
				"width": 8.00000000,
				"height": 160.00000000
			}
		},
		{
			"entity": {
				"id": [
					45,
					87,
					45,
					80,
					99,
					177,
					78,
					84,
					128,
					137,
					104,
					43,
					190,
					192,
					213,
					46
				],
				"pos": [
					624.00000000,
					632.00000000
				],
				"queue_free": false,
				"start_disabled": false
			},
			"shape": {
				"x": 0.00000000,
				"y": 0.00000000,
				"width": 8.00000000,
				"height": 56.00000000
			}
		},
		{
			"entity": {
				"id": [
					14,
					216,
					207,
					206,
					153,
					44,
					68,
					248,
					151,
					148,
					200,
					26,
					207,
					160,
					110,
					208
				],
				"pos": [
					432.00000000,
					688.00000000
				],
				"queue_free": false,
				"start_disabled": false
			},
			"shape": {
				"x": 0.00000000,
				"y": 0.00000000,
				"width": 200.00000000,
				"height": 8.00000000
			}
		},
		{
			"entity": {
				"id": [
					199,
					55,
					227,
					227,
					85,
					113,
					73,
					51,
					145,
					124,
					103,
					115,
					242,
					83,
					105,
					197
				],
				"pos": [
					432.00000000,
					696.00000000
				],
				"queue_free": false,
				"start_disabled": false
			},
			"shape": {
				"x": 0.00000000,
				"y": 0.00000000,
				"width": 8.00000000,
				"height": 104.00000000
			}
		},
		{
			"entity": {
				"id": [
					50,
					72,
					131,
					218,
					42,
					84,
					73,
					195,
					135,
					166,
					135,
					76,
					39,
					75,
					152,
					213
				],
				"pos": [
					488.00000000,
					744.00000000
				],
				"queue_free": false,
				"start_disabled": false
			},
			"shape": {
				"x": 0.00000000,
				"y": 0.00000000,
				"width": 200.00000000,
				"height": 8.00000000
			}
		},
		{
			"entity": {
				"id": [
					178,
					245,
					85,
					211,
					142,
					229,
					71,
					196,
					168,
					37,
					148,
					166,
					218,
					132,
					252,
					132
				],
				"pos": [
					488.00000000,
					752.00000000
				],
				"queue_free": false,
				"start_disabled": false
			},
			"shape": {
				"x": 0.00000000,
				"y": 0.00000000,
				"width": 8.00000000,
				"height": 48.00000000
			}
		},
		{
			"entity": {
				"id": [
					142,
					157,
					58,
					182,
					159,
					193,
					71,
					131,
					147,
					62,
					232,
					147,
					184,
					20,
					147,
					6
				],
				"pos": [
					432.00000000,
					792.00000000
				],
				"queue_free": false,
				"start_disabled": false
			},
			"shape": {
				"x": 0.00000000,
				"y": 0.00000000,
				"width": 64.00000000,
				"height": 8.00000000
			}
		}
	],
	"half_walls": [

	],
	"bounds": {
		"x": 0.00000000,
		"y": 0.00000000,
		"width": 0.00000000,
		"height": 0.00000000
	},
	"has_tutorial": true,
	"save_after_completion": true
}