{
	"version": 4,
	"player_pos": [
		556.00000000,
		816.00000000
	],
	"portal_pos": [
		720.00000000,
		664.00000000
	],
	"enemies": [

	],
	"enemy_data": [
		{
			"id": [
				28,
				70,
				215,
				62,
				219,
				85,
				68,
				131,
				134,
				149,
				185,
				4,
				206,
				10,
				155,
				254
			],
			"pos": [
				758.00000000,
				822.00000000
			],
			"start_disabled": false,
			"look_angle": -176.41004944,
			"health": 80.00000000,
			"max_health": 80.00000000,
			"variant": 0
		},
		{
			"id": [
				183,
				50,
				56,
				245,
				183,
				251,
				65,
				125,
				188,
				237,
				28,
				219,
				122,
				36,
				27,
				72
			],
			"pos": [
				850.00000000,
				818.00000000
			],
			"start_disabled": false,
			"look_angle": 178.46672058,
			"health": 80.00000000,
			"max_health": 80.00000000,
			"variant": 0
		},
		{
			"id": [
				90,
				247,
				47,
				145,
				130,
				115,
				77,
				233,
				134,
				149,
				180,
				242,
				92,
				172,
				232,
				226
			],
			"pos": [
				782.00000000,
				762.00000000
			],
			"start_disabled": false,
			"look_angle": 172.59471130,
			"health": 80.00000000,
			"max_health": 80.00000000,
			"variant": 1
		},
		{
			"id": [
				181,
				43,
				192,
				244,
				127,
				166,
				75,
				186,
				162,
				209,
				41,
				119,
				224,
				84,
				65,
				205
			],
			"pos": [
				698.00000000,
				759.00000000
			],
			"start_disabled": false,
			"look_angle": 160.93295288,
			"health": 80.00000000,
			"max_health": 80.00000000,
			"variant": 1
		},
		{
			"id": [
				68,
				42,
				54,
				232,
				203,
				10,
				78,
				204,
				189,
				204,
				212,
				48,
				152,
				88,
				46,
				43
			],
			"pos": [
				881.00000000,
				791.00000000
			],
			"start_disabled": false,
			"look_angle": 167.35308838,
			"health": 80.00000000,
			"max_health": 80.00000000,
			"variant": 1
		},
		{
			"id": [
				150,
				252,
				153,
				121,
				45,
				28,
				78,
				19,
				187,
				252,
				173,
				151,
				71,
				36,
				152,
				192
			],
			"pos": [
				828.00000000,
				634.00000000
			],
			"start_disabled": false,
			"look_angle": 45.03531647,
			"health": 80.00000000,
			"max_health": 80.00000000,
			"variant": 1
		},
		{
			"id": [
				204,
				164,
				45,
				107,
				32,
				241,
				72,
				119,
				158,
				73,
				83,
				230,
				187,
				6,
				157,
				98
			],
			"pos": [
				618.00000000,
				659.00000000
			],
			"start_disabled": false,
			"look_angle": -68.27329254,
			"health": 80.00000000,
			"max_health": 80.00000000,
			"variant": 1
		},
		{
			"id": [
				207,
				157,
				186,
				146,
				131,
				245,
				71,
				209,
				128,
				99,
				10,
				200,
				226,
				226,
				107,
				37
			],
			"pos": [
				676.00000000,
				590.00000000
			],
			"start_disabled": false,
			"look_angle": -36.87873459,
			"health": 80.00000000,
			"max_health": 80.00000000,
			"variant": 1
		},
		{
			"id": [
				118,
				181,
				214,
				41,
				61,
				44,
				69,
				242,
				166,
				188,
				188,
				19,
				252,
				107,
				144,
				61
			],
			"pos": [
				883.00000000,
				732.00000000
			],
			"start_disabled": false,
			"look_angle": 97.07493591,
			"health": 80.00000000,
			"max_health": 80.00000000,
			"variant": 0
		},
		{
			"id": [
				247,
				15,
				211,
				64,
				61,
				107,
				65,
				104,
				190,
				152,
				159,
				217,
				198,
				199,
				99,
				100
			],
			"pos": [
				892.00000000,
				644.00000000
			],
			"start_disabled": false,
			"look_angle": 106.87152863,
			"health": 80.00000000,
			"max_health": 80.00000000,
			"variant": 0
		},
		{
			"id": [
				174,
				215,
				150,
				163,
				190,
				211,
				69,
				157,
				162,
				176,
				164,
				72,
				103,
				112,
				99,
				77
			],
			"pos": [
				878.00000000,
				552.00000000
			],
			"start_disabled": false,
			"look_angle": 86.54798126,
			"health": 80.00000000,
			"max_health": 80.00000000,
			"variant": 0
		},
		{
			"id": [
				79,
				120,
				82,
				11,
				101,
				45,
				79,
				48,
				173,
				64,
				96,
				1,
				9,
				122,
				97,
				216
			],
			"pos": [
				791.82440186,
				531.13226318
			],
			"start_disabled": false,
			"look_angle": 0.00000000,
			"health": 80.00000000,
			"max_health": 80.00000000,
			"variant": 0
		},
		{
			"id": [
				216,
				20,
				30,
				167,
				214,
				228,
				78,
				142,
				177,
				121,
				135,
				15,
				26,
				138,
				96,
				193
			],
			"pos": [
				680.79309082,
				535.21917725
			],
			"start_disabled": false,
			"look_angle": 0.00000000,
			"health": 80.00000000,
			"max_health": 80.00000000,
			"variant": 0
		},
		{
			"id": [
				3,
				120,
				30,
				47,
				202,
				238,
				76,
				123,
				169,
				236,
				31,
				137,
				52,
				81,
				250,
				157
			],
			"pos": [
				796.00000000,
				590.00000000
			],
			"start_disabled": false,
			"look_angle": 16.88074112,
			"health": 80.00000000,
			"max_health": 80.00000000,
			"variant": 1
		},
		{
			"id": [
				227,
				18,
				12,
				248,
				184,
				105,
				79,
				247,
				162,
				104,
				57,
				239,
				209,
				182,
				162,
				197
			],
			"pos": [
				822.00000000,
				715.00000000
			],
			"start_disabled": false,
			"look_angle": 90.24869537,
			"health": 80.00000000,
			"max_health": 80.00000000,
			"variant": 0
		},
		{
			"id": [
				110,
				137,
				8,
				230,
				84,
				71,
				77,
				124,
				148,
				176,
				3,
				251,
				188,
				153,
				8,
				50
			],
			"pos": [
				633.00000000,
				754.00000000
			],
			"start_disabled": false,
			"look_angle": -113.52224731,
			"health": 80.00000000,
			"max_health": 80.00000000,
			"variant": 0
		},
		{
			"id": [
				146,
				62,
				101,
				158,
				253,
				184,
				69,
				58,
				160,
				65,
				167,
				100,
				124,
				31,
				116,
				17
			],
			"pos": [
				668.00000000,
				695.00000000
			],
			"start_disabled": false,
			"look_angle": 34.40960312,
			"health": 80.00000000,
			"max_health": 80.00000000,
			"variant": 0
		},
		{
			"id": [
				12,
				219,
				107,
				91,
				120,
				225,
				77,
				35,
				174,
				97,
				46,
				206,
				224,
				88,
				161,
				81
			],
			"pos": [
				772.00000000,
				667.00000000
			],
			"start_disabled": false,
			"look_angle": 7.56363869,
			"health": 80.00000000,
			"max_health": 80.00000000,
			"variant": 1
		},
		{
			"id": [
				232,
				58,
				112,
				241,
				99,
				210,
				70,
				218,
				179,
				211,
				56,
				221,
				234,
				11,
				125,
				47
			],
			"pos": [
				720.00000000,
				713.00000000
			],
			"start_disabled": false,
			"look_angle": 158.71432495,
			"health": 80.00000000,
			"max_health": 80.00000000,
			"variant": 1
		},
		{
			"id": [
				202,
				102,
				73,
				15,
				220,
				5,
				64,
				22,
				165,
				116,
				66,
				125,
				66,
				227,
				178,
				65
			],
			"pos": [
				760.00000000,
				632.00000000
			],
			"start_disabled": false,
			"look_angle": -20.07594681,
			"health": 80.00000000,
			"max_health": 80.00000000,
			"variant": 0
		}
	],
	"items": [
		{
			"moving_entity": {
				"physics_entity": {
					"entity": {
						"id": [
							209,
							250,
							137,
							46,
							159,
							89,
							71,
							25,
							172,
							61,
							173,
							98,
							113,
							214,
							239,
							126
						],
						"pos": [
							634.00000000,
							817.00000000
						],
						"queue_free": false,
						"start_disabled": false
					},
					"shape": {
						"pos": [
							0.00000000,
							0.00000000
						],
						"radius": 4.00000000
					}
				},
				"vel": [
					0.00000000,
					0.00000000
				]
			},
			"data": {
				"id": 1,
				"count": 1,
				"max_count": 0
			}
		}
	],
	"exploding_barrels": [
		{
			"moving_entity": {
				"physics_entity": {
					"entity": {
						"id": [
							108,
							127,
							248,
							252,
							136,
							5,
							70,
							36,
							164,
							95,
							54,
							124,
							85,
							186,
							224,
							149
						],
						"pos": [
							880.04565430,
							816.01239014
						],
						"queue_free": false,
						"start_disabled": false
					},
					"shape": {
						"pos": [
							0.00000000,
							0.00000000
						],
						"radius": 6.00000000
					}
				},
				"vel": [
					0.00000000,
					0.00000000
				]
			},
			"health": 50.00000000,
			"max_health": 50.00000000
		},
		{
			"moving_entity": {
				"physics_entity": {
					"entity": {
						"id": [
							177,
							120,
							215,
							103,
							156,
							92,
							64,
							118,
							145,
							137,
							161,
							174,
							142,
							197,
							134,
							107
						],
						"pos": [
							895.16912842,
							754.28405762
						],
						"queue_free": false,
						"start_disabled": false
					},
					"shape": {
						"pos": [
							0.00000000,
							0.00000000
						],
						"radius": 6.00000000
					}
				},
				"vel": [
					0.00000000,
					0.00000000
				]
			},
			"health": 50.00000000,
			"max_health": 50.00000000
		},
		{
			"moving_entity": {
				"physics_entity": {
					"entity": {
						"id": [
							190,
							253,
							253,
							81,
							54,
							42,
							65,
							255,
							137,
							236,
							245,
							98,
							179,
							197,
							225,
							23
						],
						"pos": [
							833.13214111,
							743.48144531
						],
						"queue_free": false,
						"start_disabled": false
					},
					"shape": {
						"pos": [
							0.00000000,
							0.00000000
						],
						"radius": 6.00000000
					}
				},
				"vel": [
					0.00000000,
					0.00000000
				]
			},
			"health": 50.00000000,
			"max_health": 50.00000000
		},
		{
			"moving_entity": {
				"physics_entity": {
					"entity": {
						"id": [
							2,
							160,
							69,
							4,
							105,
							191,
							69,
							248,
							178,
							170,
							80,
							50,
							91,
							203,
							59,
							204
						],
						"pos": [
							782.82336426,
							711.69128418
						],
						"queue_free": false,
						"start_disabled": false
					},
					"shape": {
						"pos": [
							0.00000000,
							0.00000000
						],
						"radius": 6.00000000
					}
				},
				"vel": [
					0.00000000,
					0.00000000
				]
			},
			"health": 50.00000000,
			"max_health": 50.00000000
		},
		{
			"moving_entity": {
				"physics_entity": {
					"entity": {
						"id": [
							185,
							42,
							125,
							204,
							43,
							173,
							66,
							133,
							178,
							87,
							130,
							177,
							234,
							39,
							239,
							114
						],
						"pos": [
							702.26782227,
							701.81463623
						],
						"queue_free": false,
						"start_disabled": false
					},
					"shape": {
						"pos": [
							0.00000000,
							0.00000000
						],
						"radius": 6.00000000
					}
				},
				"vel": [
					0.00000000,
					0.00000000
				]
			},
			"health": 50.00000000,
			"max_health": 50.00000000
		},
		{
			"moving_entity": {
				"physics_entity": {
					"entity": {
						"id": [
							18,
							203,
							70,
							142,
							198,
							180,
							65,
							141,
							141,
							25,
							198,
							241,
							87,
							56,
							251,
							87
						],
						"pos": [
							867.00000000,
							694.00000000
						],
						"queue_free": false,
						"start_disabled": false
					},
					"shape": {
						"pos": [
							0.00000000,
							0.00000000
						],
						"radius": 6.00000000
					}
				},
				"vel": [
					0.00000000,
					0.00000000
				]
			},
			"health": 50.00000000,
			"max_health": 50.00000000
		},
		{
			"moving_entity": {
				"physics_entity": {
					"entity": {
						"id": [
							128,
							75,
							185,
							16,
							132,
							226,
							67,
							13,
							177,
							149,
							255,
							155,
							17,
							97,
							88,
							12
						],
						"pos": [
							833.56939697,
							650.31005859
						],
						"queue_free": false,
						"start_disabled": false
					},
					"shape": {
						"pos": [
							0.00000000,
							0.00000000
						],
						"radius": 6.00000000
					}
				},
				"vel": [
					0.00000000,
					0.00000000
				]
			},
			"health": 50.00000000,
			"max_health": 50.00000000
		},
		{
			"moving_entity": {
				"physics_entity": {
					"entity": {
						"id": [
							248,
							133,
							222,
							121,
							230,
							106,
							75,
							68,
							179,
							238,
							132,
							236,
							96,
							132,
							236,
							157
						],
						"pos": [
							866.04101562,
							605.94281006
						],
						"queue_free": false,
						"start_disabled": false
					},
					"shape": {
						"pos": [
							0.00000000,
							0.00000000
						],
						"radius": 6.00000000
					}
				},
				"vel": [
					0.00000000,
					0.00000000
				]
			},
			"health": 50.00000000,
			"max_health": 50.00000000
		},
		{
			"moving_entity": {
				"physics_entity": {
					"entity": {
						"id": [
							85,
							105,
							104,
							242,
							155,
							46,
							77,
							121,
							173,
							6,
							84,
							21,
							187,
							185,
							195,
							132
						],
						"pos": [
							832.60479736,
							574.75714111
						],
						"queue_free": false,
						"start_disabled": false
					},
					"shape": {
						"pos": [
							0.00000000,
							0.00000000
						],
						"radius": 6.00000000
					}
				},
				"vel": [
					0.00000000,
					0.00000000
				]
			},
			"health": 50.00000000,
			"max_health": 50.00000000
		},
		{
			"moving_entity": {
				"physics_entity": {
					"entity": {
						"id": [
							214,
							34,
							150,
							65,
							117,
							46,
							68,
							220,
							132,
							41,
							88,
							153,
							166,
							208,
							36,
							22
						],
						"pos": [
							780.20001221,
							550.32318115
						],
						"queue_free": false,
						"start_disabled": false
					},
					"shape": {
						"pos": [
							0.00000000,
							0.00000000
						],
						"radius": 6.00000000
					}
				},
				"vel": [
					0.00000000,
					0.00000000
				]
			},
			"health": 50.00000000,
			"max_health": 50.00000000
		},
		{
			"moving_entity": {
				"physics_entity": {
					"entity": {
						"id": [
							91,
							116,
							112,
							75,
							5,
							167,
							70,
							224,
							179,
							41,
							238,
							15,
							203,
							96,
							167,
							222
						],
						"pos": [
							745.00000000,
							579.00000000
						],
						"queue_free": false,
						"start_disabled": false
					},
					"shape": {
						"pos": [
							0.00000000,
							0.00000000
						],
						"radius": 6.00000000
					}
				},
				"vel": [
					0.00000000,
					0.00000000
				]
			},
			"health": 50.00000000,
			"max_health": 50.00000000
		},
		{
			"moving_entity": {
				"physics_entity": {
					"entity": {
						"id": [
							83,
							144,
							102,
							23,
							107,
							195,
							72,
							167,
							191,
							131,
							6,
							233,
							181,
							252,
							82,
							60
						],
						"pos": [
							694.03747559,
							552.25219727
						],
						"queue_free": false,
						"start_disabled": false
					},
					"shape": {
						"pos": [
							0.00000000,
							0.00000000
						],
						"radius": 6.00000000
					}
				},
				"vel": [
					0.00000000,
					0.00000000
				]
			},
			"health": 50.00000000,
			"max_health": 50.00000000
		},
		{
			"moving_entity": {
				"physics_entity": {
					"entity": {
						"id": [
							194,
							102,
							9,
							195,
							225,
							19,
							66,
							12,
							153,
							3,
							243,
							180,
							185,
							5,
							235,
							91
						],
						"pos": [
							632.00000000,
							631.00000000
						],
						"queue_free": false,
						"start_disabled": false
					},
					"shape": {
						"pos": [
							0.00000000,
							0.00000000
						],
						"radius": 6.00000000
					}
				},
				"vel": [
					0.00000000,
					0.00000000
				]
			},
			"health": 50.00000000,
			"max_health": 50.00000000
		},
		{
			"moving_entity": {
				"physics_entity": {
					"entity": {
						"id": [
							64,
							22,
							152,
							28,
							69,
							160,
							68,
							112,
							145,
							66,
							22,
							115,
							153,
							76,
							29,
							18
						],
						"pos": [
							656.00000000,
							673.00000000
						],
						"queue_free": false,
						"start_disabled": false
					},
					"shape": {
						"pos": [
							0.00000000,
							0.00000000
						],
						"radius": 6.00000000
					}
				},
				"vel": [
					0.00000000,
					0.00000000
				]
			},
			"health": 50.00000000,
			"max_health": 50.00000000
		},
		{
			"moving_entity": {
				"physics_entity": {
					"entity": {
						"id": [
							237,
							74,
							96,
							125,
							94,
							17,
							69,
							127,
							162,
							227,
							236,
							203,
							11,
							227,
							75,
							32
						],
						"pos": [
							625.87908936,
							716.21807861
						],
						"queue_free": false,
						"start_disabled": false
					},
					"shape": {
						"pos": [
							0.00000000,
							0.00000000
						],
						"radius": 6.00000000
					}
				},
				"vel": [
					0.00000000,
					0.00000000
				]
			},
			"health": 50.00000000,
			"max_health": 50.00000000
		},
		{
			"moving_entity": {
				"physics_entity": {
					"entity": {
						"id": [
							237,
							116,
							58,
							86,
							246,
							136,
							77,
							82,
							142,
							0,
							202,
							232,
							24,
							136,
							82,
							71
						],
						"pos": [
							677.96221924,
							756.72717285
						],
						"queue_free": false,
						"start_disabled": false
					},
					"shape": {
						"pos": [
							0.00000000,
							0.00000000
						],
						"radius": 6.00000000
					}
				},
				"vel": [
					0.00000000,
					0.00000000
				]
			},
			"health": 50.00000000,
			"max_health": 50.00000000
		},
		{
			"moving_entity": {
				"physics_entity": {
					"entity": {
						"id": [
							113,
							129,
							181,
							87,
							193,
							2,
							78,
							26,
							178,
							153,
							181,
							133,
							125,
							28,
							186,
							146
						],
						"pos": [
							744.83459473,
							753.83367920
						],
						"queue_free": false,
						"start_disabled": false
					},
					"shape": {
						"pos": [
							0.00000000,
							0.00000000
						],
						"radius": 6.00000000
					}
				},
				"vel": [
					0.00000000,
					0.00000000
				]
			},
			"health": 50.00000000,
			"max_health": 50.00000000
		},
		{
			"moving_entity": {
				"physics_entity": {
					"entity": {
						"id": [
							92,
							59,
							83,
							53,
							1,
							127,
							65,
							100,
							176,
							46,
							91,
							67,
							86,
							146,
							105,
							97
						],
						"pos": [
							657.00000000,
							583.00000000
						],
						"queue_free": false,
						"start_disabled": false
					},
					"shape": {
						"pos": [
							0.00000000,
							0.00000000
						],
						"radius": 6.00000000
					}
				},
				"vel": [
					0.00000000,
					0.00000000
				]
			},
			"health": 50.00000000,
			"max_health": 50.00000000
		}
	],
	"walls": [
		{
			"entity": {
				"id": [
					67,
					217,
					250,
					198,
					198,
					239,
					68,
					79,
					177,
					223,
					161,
					142,
					216,
					238,
					130,
					116
				],
				"pos": [
					584.00000000,
					504.00000000
				],
				"queue_free": false,
				"start_disabled": false
			},
			"shape": {
				"x": 0.00000000,
				"y": 0.00000000,
				"width": 336.00000000,
				"height": 8.00000000
			}
		},
		{
			"entity": {
				"id": [
					188,
					72,
					248,
					10,
					107,
					99,
					65,
					201,
					163,
					185,
					236,
					241,
					181,
					38,
					244,
					19
				],
				"pos": [
					528.00000000,
					840.00000000
				],
				"queue_free": false,
				"start_disabled": false
			},
			"shape": {
				"x": 0.00000000,
				"y": 0.00000000,
				"width": 392.00000000,
				"height": 8.00000000
			}
		},
		{
			"entity": {
				"id": [
					240,
					203,
					179,
					133,
					96,
					67,
					66,
					20,
					187,
					140,
					234,
					72,
					56,
					143,
					85,
					102
				],
				"pos": [
					912.00000000,
					512.00000000
				],
				"queue_free": false,
				"start_disabled": false
			},
			"shape": {
				"x": 0.00000000,
				"y": 0.00000000,
				"width": 8.00000000,
				"height": 336.00000000
			}
		},
		{
			"entity": {
				"id": [
					164,
					253,
					20,
					188,
					221,
					157,
					64,
					90,
					163,
					233,
					107,
					248,
					4,
					128,
					100,
					66
				],
				"pos": [
					528.00000000,
					784.00000000
				],
				"queue_free": false,
				"start_disabled": false
			},
			"shape": {
				"x": 0.00000000,
				"y": 0.00000000,
				"width": 8.00000000,
				"height": 64.00000000
			}
		},
		{
			"entity": {
				"id": [
					65,
					64,
					241,
					191,
					7,
					247,
					71,
					192,
					151,
					21,
					172,
					102,
					88,
					15,
					114,
					190
				],
				"pos": [
					528.00000000,
					784.00000000
				],
				"queue_free": false,
				"start_disabled": false
			},
			"shape": {
				"x": 0.00000000,
				"y": 0.00000000,
				"width": 96.00000000,
				"height": 8.00000000
			}
		},
		{
			"entity": {
				"id": [
					107,
					69,
					253,
					119,
					119,
					110,
					64,
					149,
					171,
					156,
					76,
					109,
					184,
					188,
					90,
					123
				],
				"pos": [
					744.00000000,
					648.00000000
				],
				"queue_free": false,
				"start_disabled": false
			},
			"shape": {
				"x": 0.00000000,
				"y": 0.00000000,
				"width": 8.00000000,
				"height": 48.00000000
			}
		},
		{
			"entity": {
				"id": [
					33,
					232,
					246,
					25,
					93,
					125,
					69,
					37,
					164,
					28,
					178,
					225,
					73,
					8,
					239,
					132
				],
				"pos": [
					584.00000000,
					512.00000000
				],
				"queue_free": false,
				"start_disabled": false
			},
			"shape": {
				"x": 0.00000000,
				"y": 0.00000000,
				"width": 8.00000000,
				"height": 280.00000000
			}
		},
		{
			"entity": {
				"id": [
					34,
					175,
					138,
					66,
					151,
					68,
					68,
					114,
					149,
					36,
					174,
					70,
					82,
					253,
					37,
					10
				],
				"pos": [
					640.00000000,
					736.00000000
				],
				"queue_free": false,
				"start_disabled": false
			},
			"shape": {
				"x": 0.00000000,
				"y": 0.00000000,
				"width": 40.00000000,
				"height": 8.00000000
			}
		},
		{
			"entity": {
				"id": [
					240,
					177,
					120,
					198,
					47,
					244,
					77,
					170,
					180,
					154,
					92,
					198,
					78,
					241,
					211,
					23
				],
				"pos": [
					848.00000000,
					560.00000000
				],
				"queue_free": false,
				"start_disabled": false
			},
			"shape": {
				"x": 0.00000000,
				"y": 0.00000000,
				"width": 8.00000000,
				"height": 40.00000000
			}
		},
		{
			"entity": {
				"id": [
					19,
					192,
					155,
					201,
					149,
					23,
					69,
					119,
					179,
					222,
					222,
					15,
					207,
					198,
					27,
					105
				],
				"pos": [
					792.00000000,
					608.00000000
				],
				"queue_free": false,
				"start_disabled": false
			},
			"shape": {
				"x": 0.00000000,
				"y": 0.00000000,
				"width": 8.00000000,
				"height": 40.00000000
			}
		},
		{
			"entity": {
				"id": [
					71,
					157,
					193,
					187,
					113,
					56,
					69,
					163,
					149,
					229,
					131,
					72,
					201,
					82,
					55,
					163
				],
				"pos": [
					640.00000000,
					568.00000000
				],
				"queue_free": false,
				"start_disabled": false
			},
			"shape": {
				"x": 0.00000000,
				"y": 0.00000000,
				"width": 8.00000000,
				"height": 32.00000000
			}
		},
		{
			"entity": {
				"id": [
					131,
					18,
					58,
					228,
					203,
					191,
					76,
					245,
					159,
					13,
					86,
					80,
					229,
					2,
					179,
					92
				],
				"pos": [
					640.00000000,
					560.00000000
				],
				"queue_free": false,
				"start_disabled": false
			},
			"shape": {
				"x": 0.00000000,
				"y": 0.00000000,
				"width": 40.00000000,
				"height": 8.00000000
			}
		},
		{
			"entity": {
				"id": [
					82,
					12,
					226,
					161,
					233,
					132,
					74,
					133,
					163,
					234,
					126,
					45,
					187,
					12,
					156,
					228
				],
				"pos": [
					688.00000000,
					608.00000000
				],
				"queue_free": false,
				"start_disabled": false
			},
			"shape": {
				"x": 0.00000000,
				"y": 0.00000000,
				"width": 40.00000000,
				"height": 8.00000000
			}
		},
		{
			"entity": {
				"id": [
					129,
					210,
					251,
					247,
					18,
					69,
					70,
					61,
					175,
					95,
					198,
					87,
					21,
					158,
					93,
					134
				],
				"pos": [
					688.00000000,
					616.00000000
				],
				"queue_free": false,
				"start_disabled": false
			},
			"shape": {
				"x": 0.00000000,
				"y": 0.00000000,
				"width": 8.00000000,
				"height": 80.00000000
			}
		},
		{
			"entity": {
				"id": [
					26,
					243,
					46,
					119,
					58,
					90,
					73,
					131,
					178,
					45,
					73,
					248,
					61,
					2,
					255,
					82
				],
				"pos": [
					688.00000000,
					688.00000000
				],
				"queue_free": false,
				"start_disabled": false
			},
			"shape": {
				"x": 0.00000000,
				"y": 0.00000000,
				"width": 56.00000000,
				"height": 8.00000000
			}
		},
		{
			"entity": {
				"id": [
					193,
					137,
					117,
					191,
					238,
					224,
					66,
					130,
					141,
					105,
					71,
					233,
					235,
					125,
					80,
					72
				],
				"pos": [
					816.00000000,
					784.00000000
				],
				"queue_free": false,
				"start_disabled": false
			},
			"shape": {
				"x": 0.00000000,
				"y": 0.00000000,
				"width": 40.00000000,
				"height": 8.00000000
			}
		},
		{
			"entity": {
				"id": [
					156,
					107,
					150,
					42,
					176,
					176,
					71,
					174,
					143,
					146,
					22,
					94,
					93,
					136,
					38,
					155
				],
				"pos": [
					848.00000000,
					752.00000000
				],
				"queue_free": false,
				"start_disabled": false
			},
			"shape": {
				"x": 0.00000000,
				"y": 0.00000000,
				"width": 8.00000000,
				"height": 40.00000000
			}
		},
		{
			"entity": {
				"id": [
					37,
					113,
					109,
					143,
					232,
					62,
					64,
					162,
					164,
					242,
					129,
					66,
					221,
					162,
					197,
					171
				],
				"pos": [
					816.00000000,
					560.00000000
				],
				"queue_free": false,
				"start_disabled": false
			},
			"shape": {
				"x": 0.00000000,
				"y": 0.00000000,
				"width": 40.00000000,
				"height": 8.00000000
			}
		},
		{
			"entity": {
				"id": [
					147,
					57,
					201,
					216,
					57,
					16,
					76,
					153,
					162,
					52,
					128,
					25,
					99,
					15,
					245,
					120
				],
				"pos": [
					640.00000000,
					704.00000000
				],
				"queue_free": false,
				"start_disabled": false
			},
			"shape": {
				"x": 0.00000000,
				"y": 0.00000000,
				"width": 8.00000000,
				"height": 40.00000000
			}
		},
		{
			"entity": {
				"id": [
					112,
					76,
					144,
					217,
					38,
					7,
					66,
					254,
					170,
					97,
					207,
					254,
					47,
					108,
					5,
					200
				],
				"pos": [
					760.00000000,
					736.00000000
				],
				"queue_free": false,
				"start_disabled": false
			},
			"shape": {
				"x": 0.00000000,
				"y": 0.00000000,
				"width": 40.00000000,
				"height": 8.00000000
			}
		},
		{
			"entity": {
				"id": [
					241,
					32,
					219,
					17,
					161,
					162,
					75,
					210,
					133,
					111,
					8,
					222,
					106,
					203,
					76,
					51
				],
				"pos": [
					792.00000000,
					704.00000000
				],
				"queue_free": false,
				"start_disabled": false
			},
			"shape": {
				"x": 0.00000000,
				"y": 0.00000000,
				"width": 8.00000000,
				"height": 40.00000000
			}
		},
		{
			"entity": {
				"id": [
					45,
					183,
					236,
					163,
					149,
					11,
					65,
					74,
					161,
					153,
					110,
					83,
					105,
					157,
					229,
					246
				],
				"pos": [
					760.00000000,
					608.00000000
				],
				"queue_free": false,
				"start_disabled": false
			},
			"shape": {
				"x": 0.00000000,
				"y": 0.00000000,
				"width": 40.00000000,
				"height": 8.00000000
			}
		}
	],
	"half_walls": [
		{
			"physics_entity": {
				"entity": {
					"id": [
						121,
						26,
						66,
						101,
						131,
						22,
						68,
						67,
						141,
						216,
						7,
						112,
						244,
						207,
						220,
						39
					],
					"pos": [
						624.00000000,
						784.00000000
					],
					"queue_free": false,
					"start_disabled": false
				},
				"shape": {
					"x": 0.00000000,
					"y": 0.00000000,
					"width": 192.00000000,
					"height": 8.00000000
				}
			}
		},
		{
			"physics_entity": {
				"entity": {
					"id": [
						236,
						156,
						25,
						65,
						83,
						104,
						74,
						232,
						130,
						247,
						150,
						168,
						222,
						127,
						162,
						222
					],
					"pos": [
						848.00000000,
						600.00000000
					],
					"queue_free": false,
					"start_disabled": false
				},
				"shape": {
					"x": 0.00000000,
					"y": 0.00000000,
					"width": 8.00000000,
					"height": 152.00000000
				}
			}
		},
		{
			"physics_entity": {
				"entity": {
					"id": [
						101,
						245,
						165,
						166,
						151,
						187,
						79,
						19,
						179,
						165,
						154,
						48,
						11,
						0,
						195,
						38
					],
					"pos": [
						680.00000000,
						560.00000000
					],
					"queue_free": false,
					"start_disabled": false
				},
				"shape": {
					"x": 0.00000000,
					"y": 0.00000000,
					"width": 136.00000000,
					"height": 8.00000000
				}
			}
		},
		{
			"physics_entity": {
				"entity": {
					"id": [
						44,
						198,
						123,
						183,
						241,
						235,
						69,
						136,
						147,
						128,
						187,
						244,
						128,
						94,
						248,
						220
					],
					"pos": [
						640.00000000,
						600.00000000
					],
					"queue_free": false,
					"start_disabled": false
				},
				"shape": {
					"x": 0.00000000,
					"y": 0.00000000,
					"width": 8.00000000,
					"height": 104.00000000
				}
			}
		},
		{
			"physics_entity": {
				"entity": {
					"id": [
						209,
						33,
						6,
						217,
						9,
						177,
						66,
						220,
						145,
						179,
						208,
						184,
						191,
						236,
						235,
						17
					],
					"pos": [
						680.00000000,
						736.00000000
					],
					"queue_free": false,
					"start_disabled": false
				},
				"shape": {
					"x": 0.00000000,
					"y": 0.00000000,
					"width": 80.00000000,
					"height": 8.00000000
				}
			}
		},
		{
			"physics_entity": {
				"entity": {
					"id": [
						210,
						247,
						129,
						17,
						107,
						156,
						78,
						254,
						139,
						115,
						37,
						139,
						28,
						229,
						168,
						61
					],
					"pos": [
						792.00000000,
						648.00000000
					],
					"queue_free": false,
					"start_disabled": false
				},
				"shape": {
					"x": 0.00000000,
					"y": 0.00000000,
					"width": 8.00000000,
					"height": 56.00000000
				}
			}
		},
		{
			"physics_entity": {
				"entity": {
					"id": [
						212,
						133,
						47,
						88,
						28,
						75,
						70,
						4,
						179,
						200,
						189,
						65,
						123,
						185,
						186,
						144
					],
					"pos": [
						728.00000000,
						608.00000000
					],
					"queue_free": false,
					"start_disabled": false
				},
				"shape": {
					"x": 0.00000000,
					"y": 0.00000000,
					"width": 32.00000000,
					"height": 8.00000000
				}
			}
		}
	],
	"bounds": {
		"x": 0.00000000,
		"y": 0.00000000,
		"width": 0.00000000,
		"height": 0.00000000
	},
	"has_tutorial": false,
	"save_after_completion": false
}