{
	"version": 4,
	"player_pos": [
		561.00000000,
		484.00000000
	],
	"portal_pos": [
		816.00000000,
		312.00000000
	],
	"enemies": [

	],
	"enemy_data": [
		{
			"id": [
				122,
				198,
				128,
				188,
				123,
				109,
				71,
				11,
				185,
				198,
				254,
				166,
				94,
				63,
				146,
				52
			],
			"pos": [
				688.00000000,
				488.00000000
			],
			"start_disabled": false,
			"look_angle": -163.78945923,
			"health": 80.00000000,
			"max_health": 80.00000000,
			"variant": 0
		},
		{
			"id": [
				214,
				25,
				235,
				108,
				232,
				126,
				64,
				225,
				147,
				246,
				232,
				5,
				135,
				55,
				4,
				64
			],
			"pos": [
				689.00000000,
				400.00000000
			],
			"start_disabled": false,
			"look_angle": 162.73419189,
			"health": 80.00000000,
			"max_health": 80.00000000,
			"variant": 0
		},
		{
			"id": [
				231,
				38,
				25,
				58,
				123,
				191,
				65,
				54,
				178,
				152,
				92,
				2,
				224,
				191,
				190,
				5
			],
			"pos": [
				633.00000000,
				376.00000000
			],
			"start_disabled": false,
			"look_angle": 166.52684021,
			"health": 80.00000000,
			"max_health": 80.00000000,
			"variant": 0
		},
		{
			"id": [
				215,
				148,
				185,
				114,
				166,
				157,
				67,
				140,
				135,
				209,
				0,
				94,
				175,
				64,
				173,
				37
			],
			"pos": [
				741.00000000,
				489.00000000
			],
			"start_disabled": false,
			"look_angle": -150.26640320,
			"health": 80.00000000,
			"max_health": 80.00000000,
			"variant": 1
		},
		{
			"id": [
				130,
				183,
				61,
				215,
				188,
				80,
				71,
				149,
				163,
				69,
				244,
				58,
				25,
				204,
				165,
				131
			],
			"pos": [
				585.00000000,
				327.00000000
			],
			"start_disabled": false,
			"look_angle": 95.17497253,
			"health": 80.00000000,
			"max_health": 80.00000000,
			"variant": 1
		},
		{
			"id": [
				18,
				234,
				153,
				213,
				99,
				79,
				76,
				212,
				185,
				230,
				117,
				51,
				91,
				162,
				129,
				241
			],
			"pos": [
				657.00000000,
				332.00000000
			],
			"start_disabled": false,
			"look_angle": 31.08313560,
			"health": 80.00000000,
			"max_health": 80.00000000,
			"variant": 1
		},
		{
			"id": [
				29,
				198,
				161,
				42,
				68,
				223,
				65,
				243,
				164,
				125,
				174,
				163,
				228,
				54,
				199,
				8
			],
			"pos": [
				721.00000000,
				370.00000000
			],
			"start_disabled": false,
			"look_angle": 149.47850037,
			"health": 80.00000000,
			"max_health": 80.00000000,
			"variant": 1
		}
	],
	"items": [
		{
			"moving_entity": {
				"physics_entity": {
					"entity": {
						"id": [
							250,
							16,
							170,
							74,
							253,
							101,
							77,
							193,
							186,
							152,
							248,
							38,
							161,
							35,
							182,
							172
						],
						"pos": [
							553.00000000,
							442.00000000
						],
						"queue_free": false,
						"start_disabled": false
					},
					"shape": {
						"pos": [
							0.00000000,
							0.00000000
						],
						"radius": 4.00000000
					}
				},
				"vel": [
					0.00000000,
					0.00000000
				]
			},
			"data": {
				"id": 1,
				"count": 1,
				"max_count": 0
			}
		},
		{
			"moving_entity": {
				"physics_entity": {
					"entity": {
						"id": [
							194,
							54,
							163,
							8,
							131,
							65,
							71,
							189,
							134,
							144,
							95,
							224,
							233,
							231,
							8,
							196
						],
						"pos": [
							596.00000000,
							483.00000000
						],
						"queue_free": false,
						"start_disabled": false
					},
					"shape": {
						"pos": [
							0.00000000,
							0.00000000
						],
						"radius": 4.00000000
					}
				},
				"vel": [
					0.00000000,
					0.00000000
				]
			},
			"data": {
				"id": 1,
				"count": 1,
				"max_count": 0
			}
		}
	],
	"exploding_barrels": [
		{
			"moving_entity": {
				"physics_entity": {
					"entity": {
						"id": [
							227,
							64,
							237,
							127,
							86,
							20,
							66,
							194,
							176,
							124,
							150,
							82,
							6,
							71,
							61,
							81
						],
						"pos": [
							674.00000000,
							468.00000000
						],
						"queue_free": false,
						"start_disabled": false
					},
					"shape": {
						"pos": [
							0.00000000,
							0.00000000
						],
						"radius": 6.00000000
					}
				},
				"vel": [
					0.00000000,
					0.00000000
				]
			},
			"health": 50.00000000,
			"max_health": 50.00000000
		},
		{
			"moving_entity": {
				"physics_entity": {
					"entity": {
						"id": [
							94,
							251,
							172,
							106,
							228,
							101,
							66,
							64,
							141,
							130,
							183,
							190,
							189,
							64,
							78,
							68
						],
						"pos": [
							669.00000000,
							381.00000000
						],
						"queue_free": false,
						"start_disabled": false
					},
					"shape": {
						"pos": [
							0.00000000,
							0.00000000
						],
						"radius": 6.00000000
					}
				},
				"vel": [
					0.00000000,
					0.00000000
				]
			},
			"health": 50.00000000,
			"max_health": 50.00000000
		}
	],
	"walls": [
		{
			"entity": {
				"id": [
					190,
					155,
					236,
					197,
					199,
					158,
					73,
					74,
					172,
					40,
					68,
					9,
					248,
					168,
					244,
					96
				],
				"pos": [
					520.00000000,
					336.00000000
				],
				"queue_free": false,
				"start_disabled": false
			},
			"shape": {
				"x": 0.00000000,
				"y": 0.00000000,
				"width": 8.00000000,
				"height": 168.00000000
			}
		},
		{
			"entity": {
				"id": [
					48,
					98,
					6,
					204,
					220,
					114,
					75,
					22,
					162,
					58,
					225,
					12,
					176,
					54,
					5,
					133
				],
				"pos": [
					768.00000000,
					344.00000000
				],
				"queue_free": false,
				"start_disabled": false
			},
			"shape": {
				"x": 0.00000000,
				"y": 0.00000000,
				"width": 192.00000000,
				"height": 8.00000000
			}
		},
		{
			"entity": {
				"id": [
					145,
					253,
					143,
					255,
					84,
					98,
					75,
					113,
					183,
					14,
					104,
					216,
					212,
					106,
					199,
					109
				],
				"pos": [
					592.00000000,
					392.00000000
				],
				"queue_free": false,
				"start_disabled": false
			},
			"shape": {
				"x": 0.00000000,
				"y": 0.00000000,
				"width": 8.00000000,
				"height": 48.00000000
			}
		},
		{
			"entity": {
				"id": [
					152,
					235,
					170,
					41,
					194,
					150,
					70,
					177,
					137,
					67,
					203,
					146,
					214,
					169,
					125,
					212
				],
				"pos": [
					520.00000000,
					504.00000000
				],
				"queue_free": false,
				"start_disabled": false
			},
			"shape": {
				"x": 0.00000000,
				"y": 0.00000000,
				"width": 248.00000000,
				"height": 8.00000000
			}
		},
		{
			"entity": {
				"id": [
					0,
					186,
					179,
					93,
					18,
					184,
					70,
					143,
					184,
					12,
					229,
					19,
					81,
					15,
					160,
					48
				],
				"pos": [
					688.00000000,
					416.00000000
				],
				"queue_free": false,
				"start_disabled": false
			},
			"shape": {
				"x": 0.00000000,
				"y": 0.00000000,
				"width": 8.00000000,
				"height": 40.00000000
			}
		},
		{
			"entity": {
				"id": [
					201,
					245,
					101,
					112,
					34,
					147,
					65,
					118,
					154,
					170,
					44,
					19,
					162,
					89,
					201,
					176
				],
				"pos": [
					768.00000000,
					344.00000000
				],
				"queue_free": false,
				"start_disabled": false
			},
			"shape": {
				"x": 0.00000000,
				"y": 0.00000000,
				"width": 8.00000000,
				"height": 168.00000000
			}
		},
		{
			"entity": {
				"id": [
					153,
					202,
					65,
					94,
					92,
					184,
					67,
					96,
					146,
					164,
					16,
					178,
					87,
					162,
					207,
					216
				],
				"pos": [
					952.00000000,
					208.00000000
				],
				"queue_free": false,
				"start_disabled": false
			},
			"shape": {
				"x": 0.00000000,
				"y": 0.00000000,
				"width": 8.00000000,
				"height": 144.00000000
			}
		},
		{
			"entity": {
				"id": [
					3,
					144,
					233,
					226,
					144,
					106,
					66,
					62,
					191,
					118,
					157,
					248,
					12,
					86,
					189,
					145
				],
				"pos": [
					520.00000000,
					328.00000000
				],
				"queue_free": false,
				"start_disabled": false
			},
			"shape": {
				"x": 0.00000000,
				"y": 0.00000000,
				"width": 40.00000000,
				"height": 8.00000000
			}
		},
		{
			"entity": {
				"id": [
					224,
					139,
					196,
					27,
					36,
					38,
					65,
					143,
					170,
					242,
					200,
					14,
					235,
					146,
					189,
					225
				],
				"pos": [
					552.00000000,
					264.00000000
				],
				"queue_free": false,
				"start_disabled": false
			},
			"shape": {
				"x": 0.00000000,
				"y": 0.00000000,
				"width": 8.00000000,
				"height": 64.00000000
			}
		},
		{
			"entity": {
				"id": [
					213,
					208,
					248,
					168,
					10,
					78,
					69,
					33,
					174,
					14,
					132,
					195,
					200,
					254,
					160,
					8
				],
				"pos": [
					552.00000000,
					264.00000000
				],
				"queue_free": false,
				"start_disabled": false
			},
			"shape": {
				"x": 0.00000000,
				"y": 0.00000000,
				"width": 144.00000000,
				"height": 8.00000000
			}
		},
		{
			"entity": {
				"id": [
					39,
					127,
					83,
					248,
					190,
					27,
					69,
					9,
					174,
					183,
					74,
					148,
					63,
					125,
					196,
					8
				],
				"pos": [
					688.00000000,
					208.00000000
				],
				"queue_free": false,
				"start_disabled": false
			},
			"shape": {
				"x": 0.00000000,
				"y": 0.00000000,
				"width": 8.00000000,
				"height": 64.00000000
			}
		},
		{
			"entity": {
				"id": [
					9,
					63,
					159,
					192,
					248,
					37,
					72,
					4,
					151,
					85,
					84,
					145,
					141,
					34,
					220,
					65
				],
				"pos": [
					688.00000000,
					208.00000000
				],
				"queue_free": false,
				"start_disabled": false
			},
			"shape": {
				"x": 0.00000000,
				"y": 0.00000000,
				"width": 264.00000000,
				"height": 8.00000000
			}
		},
		{
			"entity": {
				"id": [
					122,
					12,
					33,
					22,
					237,
					163,
					70,
					183,
					191,
					140,
					138,
					97,
					234,
					0,
					250,
					12
				],
				"pos": [
					648.00000000,
					344.00000000
				],
				"queue_free": false,
				"start_disabled": false
			},
			"shape": {
				"x": 0.00000000,
				"y": 0.00000000,
				"width": 32.00000000,
				"height": 8.00000000
			}
		}
	],
	"half_walls": [

	],
	"bounds": {
		"x": 0.00000000,
		"y": 0.00000000,
		"width": 0.00000000,
		"height": 0.00000000
	},
	"has_tutorial": false,
	"save_after_completion": false
}