{
	"prompts": [
		{
			"pos": [
				780.00000000,
				684.00000000
			],
			"text": "W A S or D + Space to Dash"
		},
		{
			"pos": [
				768,
				788
			],
			"text": "Dash to avoid arrows and close the distance"
		}
	],
	"actions": [],
	"hide_item_hud": true,
	"hide_weapon_hud": false,
	"hide_dash_hud": false,
	"disable_ability": false,
	"hide_all_hud": false,
	"hide_speedrun_timer": true,
	"enable_enemy_dummies": false,
	"disable_throwing": true,
	"disable_switching": true,
	"disable_dropping": true
}