{
	"version": 4,
	"player_pos": [
		550.00000000,
		470.00000000
	],
	"portal_pos": [
		816.00000000,
		304.00000000
	],
	"enemies": [

	],
	"enemy_data": [
		{
			"id": [
				221,
				117,
				179,
				164,
				99,
				63,
				76,
				11,
				188,
				37,
				203,
				126,
				95,
				171,
				153,
				88
			],
			"pos": [
				616.00000000,
				483.00000000
			],
			"start_disabled": false,
			"look_angle": -89.99990082,
			"health": 80.00000000,
			"max_health": 80.00000000,
			"variant": 0
		},
		{
			"id": [
				191,
				166,
				40,
				93,
				229,
				92,
				70,
				41,
				168,
				56,
				56,
				222,
				148,
				125,
				51,
				213
			],
			"pos": [
				710.00000000,
				483.00000000
			],
			"start_disabled": false,
			"look_angle": 180.00000000,
			"health": 80.00000000,
			"max_health": 80.00000000,
			"variant": 1
		},
		{
			"id": [
				96,
				72,
				137,
				12,
				83,
				66,
				64,
				8,
				164,
				219,
				64,
				97,
				127,
				87,
				177,
				16
			],
			"pos": [
				742.44433594,
				404.66659546
			],
			"start_disabled": false,
			"look_angle": 90.00000000,
			"health": 80.00000000,
			"max_health": 80.00000000,
			"variant": 0
		},
		{
			"id": [
				113,
				234,
				41,
				130,
				72,
				27,
				76,
				70,
				160,
				85,
				253,
				17,
				181,
				63,
				79,
				61
			],
			"pos": [
				709.99987793,
				377.99993896
			],
			"start_disabled": false,
			"look_angle": 90.00000000,
			"health": 80.00000000,
			"max_health": 80.00000000,
			"variant": 0
		},
		{
			"id": [
				38,
				24,
				62,
				142,
				133,
				189,
				77,
				137,
				180,
				240,
				171,
				152,
				73,
				15,
				222,
				174
			],
			"pos": [
				747.33319092,
				318.88879395
			],
			"start_disabled": false,
			"look_angle": 90.00000000,
			"health": 80.00000000,
			"max_health": 80.00000000,
			"variant": 1
		},
		{
			"id": [
				127,
				164,
				41,
				122,
				127,
				17,
				72,
				64,
				128,
				124,
				31,
				46,
				145,
				78,
				227,
				96
			],
			"pos": [
				588.00000000,
				288.00000000
			],
			"start_disabled": false,
			"look_angle": 0.00000000,
			"health": 80.00000000,
			"max_health": 80.00000000,
			"variant": 1
		},
		{
			"id": [
				239,
				165,
				30,
				227,
				181,
				6,
				75,
				103,
				188,
				212,
				175,
				131,
				219,
				222,
				120,
				164
			],
			"pos": [
				712.00000000,
				240.00000000
			],
			"start_disabled": false,
			"look_angle": 0.00000000,
			"health": 80.00000000,
			"max_health": 80.00000000,
			"variant": 0
		},
		{
			"id": [
				151,
				189,
				117,
				222,
				107,
				200,
				79,
				153,
				166,
				104,
				140,
				232,
				156,
				43,
				120,
				23
			],
			"pos": [
				750.00000000,
				266.00000000
			],
			"start_disabled": false,
			"look_angle": 0.00000000,
			"health": 80.00000000,
			"max_health": 80.00000000,
			"variant": 0
		},
		{
			"id": [
				53,
				122,
				107,
				197,
				47,
				3,
				64,
				138,
				160,
				188,
				217,
				189,
				74,
				6,
				2,
				142
			],
			"pos": [
				921.00000000,
				292.00000000
			],
			"start_disabled": false,
			"look_angle": 0.00000000,
			"health": 80.00000000,
			"max_health": 80.00000000,
			"variant": 1
		},
		{
			"id": [
				195,
				111,
				205,
				105,
				46,
				37,
				79,
				47,
				184,
				200,
				191,
				184,
				23,
				28,
				31,
				99
			],
			"pos": [
				920.00000000,
				244.00000000
			],
			"start_disabled": false,
			"look_angle": 0.00000000,
			"health": 80.00000000,
			"max_health": 80.00000000,
			"variant": 1
		},
		{
			"id": [
				207,
				1,
				122,
				234,
				45,
				33,
				67,
				7,
				163,
				65,
				79,
				195,
				31,
				109,
				195,
				16
			],
			"pos": [
				856.00000000,
				240.00000000
			],
			"start_disabled": false,
			"look_angle": 0.00000000,
			"health": 80.00000000,
			"max_health": 80.00000000,
			"variant": 0
		}
	],
	"items": [
		{
			"moving_entity": {
				"physics_entity": {
					"entity": {
						"id": [
							250,
							16,
							170,
							74,
							253,
							101,
							77,
							193,
							186,
							152,
							248,
							38,
							161,
							35,
							182,
							172
						],
						"pos": [
							571.00000000,
							439.00000000
						],
						"queue_free": false,
						"start_disabled": false
					},
					"shape": {
						"pos": [
							0.00000000,
							0.00000000
						],
						"radius": 4.00000000
					}
				},
				"vel": [
					0.00000000,
					0.00000000
				]
			},
			"data": {
				"id": 1,
				"count": 1,
				"max_count": 0
			}
		}
	],
	"exploding_barrels": [
		{
			"moving_entity": {
				"physics_entity": {
					"entity": {
						"id": [
							227,
							64,
							237,
							127,
							86,
							20,
							66,
							194,
							176,
							124,
							150,
							82,
							6,
							71,
							61,
							81
						],
						"pos": [
							716.00000000,
							288.00000000
						],
						"queue_free": false,
						"start_disabled": false
					},
					"shape": {
						"pos": [
							0.00000000,
							0.00000000
						],
						"radius": 6.00000000
					}
				},
				"vel": [
					0.00000000,
					0.00000000
				]
			},
			"health": 50.00000000,
			"max_health": 50.00000000
		}
	],
	"walls": [
		{
			"entity": {
				"id": [
					190,
					155,
					236,
					197,
					199,
					158,
					73,
					74,
					172,
					40,
					68,
					9,
					248,
					168,
					244,
					96
				],
				"pos": [
					520.00000000,
					408.00000000
				],
				"queue_free": false,
				"start_disabled": false
			},
			"shape": {
				"x": 0.00000000,
				"y": 0.00000000,
				"width": 8.00000000,
				"height": 96.00000000
			}
		},
		{
			"entity": {
				"id": [
					10,
					178,
					136,
					33,
					199,
					47,
					77,
					184,
					158,
					235,
					237,
					102,
					84,
					222,
					201,
					187
				],
				"pos": [
					520.00000000,
					408.00000000
				],
				"queue_free": false,
				"start_disabled": false
			},
			"shape": {
				"x": 0.00000000,
				"y": 0.00000000,
				"width": 176.00000000,
				"height": 8.00000000
			}
		},
		{
			"entity": {
				"id": [
					145,
					253,
					143,
					255,
					84,
					98,
					75,
					113,
					183,
					14,
					104,
					216,
					212,
					106,
					199,
					109
				],
				"pos": [
					592.00000000,
					456.00000000
				],
				"queue_free": false,
				"start_disabled": false
			},
			"shape": {
				"x": 0.00000000,
				"y": 0.00000000,
				"width": 8.00000000,
				"height": 48.00000000
			}
		},
		{
			"entity": {
				"id": [
					152,
					235,
					170,
					41,
					194,
					150,
					70,
					177,
					137,
					67,
					203,
					146,
					214,
					169,
					125,
					212
				],
				"pos": [
					520.00000000,
					496.00000000
				],
				"queue_free": false,
				"start_disabled": false
			},
			"shape": {
				"x": 0.00000000,
				"y": 0.00000000,
				"width": 248.00000000,
				"height": 8.00000000
			}
		},
		{
			"entity": {
				"id": [
					0,
					186,
					179,
					93,
					18,
					184,
					70,
					143,
					184,
					12,
					229,
					19,
					81,
					15,
					160,
					48
				],
				"pos": [
					688.00000000,
					408.00000000
				],
				"queue_free": false,
				"start_disabled": false
			},
			"shape": {
				"x": 0.00000000,
				"y": 0.00000000,
				"width": 8.00000000,
				"height": 40.00000000
			}
		},
		{
			"entity": {
				"id": [
					201,
					245,
					101,
					112,
					34,
					147,
					65,
					118,
					154,
					170,
					44,
					19,
					162,
					89,
					201,
					176
				],
				"pos": [
					768.00000000,
					264.00000000
				],
				"queue_free": false,
				"start_disabled": false
			},
			"shape": {
				"x": 0.00000000,
				"y": 0.00000000,
				"width": 8.00000000,
				"height": 240.00000000
			}
		},
		{
			"entity": {
				"id": [
					96,
					243,
					117,
					87,
					12,
					134,
					76,
					109,
					159,
					227,
					174,
					67,
					253,
					178,
					209,
					255
				],
				"pos": [
					688.00000000,
					320.00000000
				],
				"queue_free": false,
				"start_disabled": false
			},
			"shape": {
				"x": 0.00000000,
				"y": 0.00000000,
				"width": 8.00000000,
				"height": 96.00000000
			}
		},
		{
			"entity": {
				"id": [
					3,
					144,
					233,
					226,
					144,
					106,
					66,
					62,
					191,
					118,
					157,
					248,
					12,
					86,
					189,
					145
				],
				"pos": [
					552.00000000,
					312.00000000
				],
				"queue_free": false,
				"start_disabled": false
			},
			"shape": {
				"x": 0.00000000,
				"y": 0.00000000,
				"width": 144.00000000,
				"height": 8.00000000
			}
		},
		{
			"entity": {
				"id": [
					224,
					139,
					196,
					27,
					36,
					38,
					65,
					143,
					170,
					242,
					200,
					14,
					235,
					146,
					189,
					225
				],
				"pos": [
					552.00000000,
					256.00000000
				],
				"queue_free": false,
				"start_disabled": false
			},
			"shape": {
				"x": 0.00000000,
				"y": 0.00000000,
				"width": 8.00000000,
				"height": 64.00000000
			}
		},
		{
			"entity": {
				"id": [
					213,
					208,
					248,
					168,
					10,
					78,
					69,
					33,
					174,
					14,
					132,
					195,
					200,
					254,
					160,
					8
				],
				"pos": [
					552.00000000,
					256.00000000
				],
				"queue_free": false,
				"start_disabled": false
			},
			"shape": {
				"x": 0.00000000,
				"y": 0.00000000,
				"width": 144.00000000,
				"height": 8.00000000
			}
		},
		{
			"entity": {
				"id": [
					39,
					127,
					83,
					248,
					190,
					27,
					69,
					9,
					174,
					183,
					74,
					148,
					63,
					125,
					196,
					8
				],
				"pos": [
					688.00000000,
					200.00000000
				],
				"queue_free": false,
				"start_disabled": false
			},
			"shape": {
				"x": 0.00000000,
				"y": 0.00000000,
				"width": 8.00000000,
				"height": 64.00000000
			}
		},
		{
			"entity": {
				"id": [
					9,
					63,
					159,
					192,
					248,
					37,
					72,
					4,
					151,
					85,
					84,
					145,
					141,
					34,
					220,
					65
				],
				"pos": [
					688.00000000,
					200.00000000
				],
				"queue_free": false,
				"start_disabled": false
			},
			"shape": {
				"x": 0.00000000,
				"y": 0.00000000,
				"width": 264.00000000,
				"height": 8.00000000
			}
		},
		{
			"entity": {
				"id": [
					122,
					12,
					33,
					22,
					237,
					163,
					70,
					183,
					191,
					140,
					138,
					97,
					234,
					0,
					250,
					12
				],
				"pos": [
					768.00000000,
					264.00000000
				],
				"queue_free": false,
				"start_disabled": false
			},
			"shape": {
				"x": 0.00000000,
				"y": 0.00000000,
				"width": 128.00000000,
				"height": 8.00000000
			}
		},
		{
			"entity": {
				"id": [
					153,
					202,
					65,
					94,
					92,
					184,
					67,
					96,
					146,
					164,
					16,
					178,
					87,
					162,
					207,
					216
				],
				"pos": [
					952.00000000,
					200.00000000
				],
				"queue_free": false,
				"start_disabled": false
			},
			"shape": {
				"x": 0.00000000,
				"y": 0.00000000,
				"width": 8.00000000,
				"height": 144.00000000
			}
		},
		{
			"entity": {
				"id": [
					48,
					98,
					6,
					204,
					220,
					114,
					75,
					22,
					162,
					58,
					225,
					12,
					176,
					54,
					5,
					133
				],
				"pos": [
					768.00000000,
					336.00000000
				],
				"queue_free": false,
				"start_disabled": false
			},
			"shape": {
				"x": 0.00000000,
				"y": 0.00000000,
				"width": 192.00000000,
				"height": 8.00000000
			}
		}
	],
	"half_walls": [

	],
	"bounds": {
		"x": 0.00000000,
		"y": 0.00000000,
		"width": 0.00000000,
		"height": 0.00000000
	},
	"has_tutorial": false,
	"save_after_completion": false
}