{
	"version": 4,
	"player_pos": [
		360.00000000,
		616.00000000
	],
	"portal_pos": [
		744.00000000,
		496.00000000
	],
	"enemies": [

	],
	"enemy_data": [
		{
			"id": [
				212,
				238,
				10,
				120,
				157,
				97,
				76,
				130,
				170,
				91,
				78,
				123,
				62,
				204,
				101,
				12
			],
			"pos": [
				504.00000000,
				576.00000000
			],
			"start_disabled": false,
			"look_angle": 179.15872192,
			"health": 80.00000000,
			"max_health": 80.00000000,
			"variant": 1
		},
		{
			"id": [
				127,
				128,
				240,
				164,
				217,
				116,
				69,
				27,
				178,
				152,
				221,
				109,
				199,
				246,
				170,
				198
			],
			"pos": [
				505.00000000,
				613.00000000
			],
			"start_disabled": false,
			"look_angle": -166.92904663,
			"health": 80.00000000,
			"max_health": 80.00000000,
			"variant": 1
		},
		{
			"id": [
				225,
				112,
				132,
				3,
				201,
				65,
				68,
				35,
				169,
				119,
				9,
				105,
				90,
				198,
				104,
				87
			],
			"pos": [
				636.00000000,
				577.00000000
			],
			"start_disabled": false,
			"look_angle": 173.93168640,
			"health": 80.00000000,
			"max_health": 80.00000000,
			"variant": 1
		},
		{
			"id": [
				19,
				154,
				62,
				214,
				175,
				125,
				71,
				189,
				142,
				201,
				235,
				197,
				133,
				253,
				136,
				47
			],
			"pos": [
				606.00000000,
				618.00000000
			],
			"start_disabled": false,
			"look_angle": -179.50996399,
			"health": 80.00000000,
			"max_health": 80.00000000,
			"variant": 1
		},
		{
			"id": [
				122,
				63,
				23,
				135,
				228,
				83,
				77,
				231,
				190,
				27,
				220,
				218,
				11,
				29,
				223,
				242
			],
			"pos": [
				725.00000000,
				556.00000000
			],
			"start_disabled": false,
			"look_angle": 157.08215332,
			"health": 80.00000000,
			"max_health": 80.00000000,
			"variant": 1
		},
		{
			"id": [
				114,
				108,
				222,
				30,
				68,
				208,
				70,
				50,
				149,
				22,
				27,
				160,
				219,
				239,
				40,
				202
			],
			"pos": [
				719.00000000,
				619.00000000
			],
			"start_disabled": false,
			"look_angle": -162.18614197,
			"health": 80.00000000,
			"max_health": 80.00000000,
			"variant": 1
		}
	],
	"items": [
		{
			"moving_entity": {
				"physics_entity": {
					"entity": {
						"id": [
							15,
							211,
							99,
							143,
							175,
							255,
							76,
							20,
							152,
							99,
							122,
							175,
							235,
							115,
							148,
							107
						],
						"pos": [
							364.00000000,
							580.00000000
						],
						"queue_free": false,
						"start_disabled": false
					},
					"shape": {
						"pos": [
							0.00000000,
							0.00000000
						],
						"radius": 4.00000000
					}
				},
				"vel": [
					0.00000000,
					0.00000000
				]
			},
			"data": {
				"id": 1,
				"count": 1,
				"max_count": 0
			}
		},
		{
			"moving_entity": {
				"physics_entity": {
					"entity": {
						"id": [
							95,
							27,
							208,
							249,
							181,
							106,
							74,
							244,
							177,
							21,
							141,
							212,
							75,
							32,
							172,
							145
						],
						"pos": [
							477.85815430,
							611.67706299
						],
						"queue_free": false,
						"start_disabled": false
					},
					"shape": {
						"pos": [
							0.00000000,
							0.00000000
						],
						"radius": 4.00000000
					}
				},
				"vel": [
					0.00000000,
					0.00000000
				]
			},
			"data": {
				"id": 1,
				"count": 1,
				"max_count": 0
			}
		},
		{
			"moving_entity": {
				"physics_entity": {
					"entity": {
						"id": [
							58,
							37,
							132,
							250,
							126,
							111,
							77,
							231,
							164,
							124,
							45,
							157,
							175,
							121,
							21,
							40
						],
						"pos": [
							571.56188965,
							565.01043701
						],
						"queue_free": false,
						"start_disabled": false
					},
					"shape": {
						"pos": [
							0.00000000,
							0.00000000
						],
						"radius": 4.00000000
					}
				},
				"vel": [
					0.00000000,
					0.00000000
				]
			},
			"data": {
				"id": 1,
				"count": 1,
				"max_count": 0
			}
		}
	],
	"exploding_barrels": [
		{
			"moving_entity": {
				"physics_entity": {
					"entity": {
						"id": [
							65,
							53,
							119,
							238,
							83,
							31,
							79,
							124,
							157,
							42,
							186,
							3,
							80,
							234,
							110,
							98
						],
						"pos": [
							501.56185913,
							593.15856934
						],
						"queue_free": false,
						"start_disabled": false
					},
					"shape": {
						"pos": [
							0.00000000,
							0.00000000
						],
						"radius": 6.00000000
					}
				},
				"vel": [
					0.00000000,
					0.00000000
				]
			},
			"health": 50.00000000,
			"max_health": 50.00000000
		},
		{
			"moving_entity": {
				"physics_entity": {
					"entity": {
						"id": [
							48,
							65,
							145,
							139,
							83,
							115,
							69,
							242,
							180,
							223,
							151,
							129,
							54,
							140,
							142,
							84
						],
						"pos": [
							628.59887695,
							600.19561768
						],
						"queue_free": false,
						"start_disabled": false
					},
					"shape": {
						"pos": [
							0.00000000,
							0.00000000
						],
						"radius": 6.00000000
					}
				},
				"vel": [
					0.00000000,
					0.00000000
				]
			},
			"health": 50.00000000,
			"max_health": 50.00000000
		},
		{
			"moving_entity": {
				"physics_entity": {
					"entity": {
						"id": [
							65,
							31,
							73,
							102,
							57,
							206,
							77,
							8,
							179,
							219,
							40,
							142,
							226,
							68,
							200,
							119
						],
						"pos": [
							729.33966064,
							588.71411133
						],
						"queue_free": false,
						"start_disabled": false
					},
					"shape": {
						"pos": [
							0.00000000,
							0.00000000
						],
						"radius": 6.00000000
					}
				},
				"vel": [
					0.00000000,
					0.00000000
				]
			},
			"health": 50.00000000,
			"max_health": 50.00000000
		}
	],
	"walls": [
		{
			"entity": {
				"id": [
					140,
					21,
					218,
					219,
					175,
					6,
					72,
					114,
					153,
					28,
					234,
					131,
					210,
					250,
					212,
					48
				],
				"pos": [
					680.00000000,
					440.00000000
				],
				"queue_free": false,
				"start_disabled": false
			},
			"shape": {
				"x": 0.00000000,
				"y": 0.00000000,
				"width": 8.00000000,
				"height": 112.00000000
			}
		},
		{
			"entity": {
				"id": [
					200,
					85,
					50,
					114,
					11,
					213,
					78,
					85,
					191,
					137,
					243,
					166,
					19,
					195,
					61,
					214
				],
				"pos": [
					680.00000000,
					440.00000000
				],
				"queue_free": false,
				"start_disabled": false
			},
			"shape": {
				"x": 0.00000000,
				"y": 0.00000000,
				"width": 128.00000000,
				"height": 8.00000000
			}
		},
		{
			"entity": {
				"id": [
					72,
					5,
					182,
					247,
					121,
					205,
					66,
					185,
					165,
					208,
					164,
					161,
					252,
					225,
					121,
					23
				],
				"pos": [
					800.00000000,
					440.00000000
				],
				"queue_free": false,
				"start_disabled": false
			},
			"shape": {
				"x": 0.00000000,
				"y": 0.00000000,
				"width": 8.00000000,
				"height": 200.00000000
			}
		},
		{
			"entity": {
				"id": [
					190,
					28,
					171,
					60,
					122,
					66,
					76,
					145,
					130,
					85,
					158,
					229,
					216,
					112,
					147,
					60
				],
				"pos": [
					336.00000000,
					544.00000000
				],
				"queue_free": false,
				"start_disabled": false
			},
			"shape": {
				"x": 0.00000000,
				"y": 0.00000000,
				"width": 352.00000000,
				"height": 8.00000000
			}
		},
		{
			"entity": {
				"id": [
					60,
					215,
					44,
					169,
					91,
					9,
					68,
					173,
					176,
					154,
					131,
					110,
					152,
					63,
					222,
					29
				],
				"pos": [
					336.00000000,
					632.00000000
				],
				"queue_free": false,
				"start_disabled": false
			},
			"shape": {
				"x": 0.00000000,
				"y": 0.00000000,
				"width": 472.00000000,
				"height": 8.00000000
			}
		},
		{
			"entity": {
				"id": [
					10,
					6,
					214,
					213,
					74,
					125,
					73,
					210,
					158,
					241,
					3,
					196,
					220,
					148,
					149,
					235
				],
				"pos": [
					336.00000000,
					544.00000000
				],
				"queue_free": false,
				"start_disabled": false
			},
			"shape": {
				"x": 0.00000000,
				"y": 0.00000000,
				"width": 8.00000000,
				"height": 96.00000000
			}
		},
		{
			"entity": {
				"id": [
					168,
					129,
					139,
					54,
					151,
					55,
					78,
					142,
					178,
					110,
					91,
					52,
					115,
					51,
					110,
					176
				],
				"pos": [
					376.00000000,
					600.00000000
				],
				"queue_free": false,
				"start_disabled": false
			},
			"shape": {
				"x": 0.00000000,
				"y": 0.00000000,
				"width": 8.00000000,
				"height": 40.00000000
			}
		}
	],
	"half_walls": [
		{
			"physics_entity": {
				"entity": {
					"id": [
						223,
						209,
						250,
						17,
						217,
						131,
						77,
						176,
						148,
						127,
						139,
						78,
						127,
						63,
						201,
						140
					],
					"pos": [
						456.00000000,
						552.00000000
					],
					"queue_free": false,
					"start_disabled": false
				},
				"shape": {
					"x": 0.00000000,
					"y": 0.00000000,
					"width": 8.00000000,
					"height": 56.00000000
				}
			}
		},
		{
			"physics_entity": {
				"entity": {
					"id": [
						215,
						55,
						72,
						203,
						188,
						122,
						75,
						233,
						166,
						63,
						115,
						58,
						189,
						204,
						212,
						237
					],
					"pos": [
						560.00000000,
						576.00000000
					],
					"queue_free": false,
					"start_disabled": false
				},
				"shape": {
					"x": 0.00000000,
					"y": 0.00000000,
					"width": 8.00000000,
					"height": 56.00000000
				}
			}
		},
		{
			"physics_entity": {
				"entity": {
					"id": [
						133,
						133,
						189,
						185,
						179,
						32,
						79,
						148,
						173,
						127,
						152,
						7,
						7,
						119,
						205,
						189
					],
					"pos": [
						680.00000000,
						552.00000000
					],
					"queue_free": false,
					"start_disabled": false
				},
				"shape": {
					"x": 0.00000000,
					"y": 0.00000000,
					"width": 8.00000000,
					"height": 56.00000000
				}
			}
		}
	],
	"bounds": {
		"x": 0.00000000,
		"y": 0.00000000,
		"width": 0.00000000,
		"height": 0.00000000
	},
	"has_tutorial": false,
	"save_after_completion": false
}