{
	"version": 4,
	"player_pos": [
		596.00000000,
		692.00000000
	],
	"portal_pos": [
		828.00000000,
		864.00000000
	],
	"enemies": [

	],
	"enemy_data": [
		{
			"id": [
				148,
				185,
				226,
				177,
				245,
				150,
				69,
				230,
				144,
				157,
				68,
				138,
				39,
				90,
				10,
				92
			],
			"pos": [
				828.00000000,
				808.00000000
			],
			"start_disabled": false,
			"look_angle": -88.87666321,
			"health": 80.00000000,
			"max_health": 80.00000000,
			"variant": 0
		}
	],
	"items": [

	],
	"exploding_barrels": [

	],
	"walls": [
		{
			"entity": {
				"id": [
					246,
					182,
					104,
					161,
					151,
					177,
					74,
					174,
					140,
					139,
					234,
					169,
					29,
					78,
					97,
					167
				],
				"pos": [
					568.00000000,
					656.00000000
				],
				"queue_free": false,
				"start_disabled": false
			},
			"shape": {
				"x": 0.00000000,
				"y": 0.00000000,
				"width": 8.00000000,
				"height": 72.00000000
			}
		},
		{
			"entity": {
				"id": [
					77,
					240,
					30,
					173,
					120,
					208,
					68,
					192,
					144,
					41,
					44,
					141,
					135,
					183,
					191,
					168
				],
				"pos": [
					576.00000000,
					656.00000000
				],
				"queue_free": false,
				"start_disabled": false
			},
			"shape": {
				"x": 0.00000000,
				"y": 0.00000000,
				"width": 288.00000000,
				"height": 8.00000000
			}
		},
		{
			"entity": {
				"id": [
					186,
					77,
					45,
					56,
					212,
					2,
					71,
					63,
					178,
					84,
					241,
					229,
					145,
					9,
					48,
					42
				],
				"pos": [
					576.00000000,
					720.00000000
				],
				"queue_free": false,
				"start_disabled": false
			},
			"shape": {
				"x": 0.00000000,
				"y": 0.00000000,
				"width": 216.00000000,
				"height": 8.00000000
			}
		},
		{
			"entity": {
				"id": [
					221,
					217,
					148,
					61,
					67,
					238,
					67,
					211,
					158,
					216,
					150,
					172,
					42,
					65,
					198,
					20
				],
				"pos": [
					744.00000000,
					720.00000000
				],
				"queue_free": false,
				"start_disabled": false
			},
			"shape": {
				"x": 0.00000000,
				"y": 0.00000000,
				"width": 8.00000000,
				"height": 168.00000000
			}
		},
		{
			"entity": {
				"id": [
					187,
					241,
					117,
					59,
					14,
					207,
					77,
					202,
					180,
					86,
					197,
					219,
					179,
					142,
					138,
					83
				],
				"pos": [
					744.00000000,
					888.00000000
				],
				"queue_free": false,
				"start_disabled": false
			},
			"shape": {
				"x": 0.00000000,
				"y": 0.00000000,
				"width": 168.00000000,
				"height": 8.00000000
			}
		},
		{
			"entity": {
				"id": [
					12,
					61,
					57,
					91,
					164,
					132,
					69,
					161,
					179,
					240,
					198,
					22,
					146,
					76,
					71,
					142
				],
				"pos": [
					864.00000000,
					656.00000000
				],
				"queue_free": false,
				"start_disabled": false
			},
			"shape": {
				"x": 0.00000000,
				"y": 0.00000000,
				"width": 8.00000000,
				"height": 72.00000000
			}
		},
		{
			"entity": {
				"id": [
					159,
					132,
					41,
					222,
					60,
					163,
					71,
					136,
					182,
					41,
					232,
					49,
					163,
					237,
					183,
					98
				],
				"pos": [
					864.00000000,
					720.00000000
				],
				"queue_free": false,
				"start_disabled": false
			},
			"shape": {
				"x": 0.00000000,
				"y": 0.00000000,
				"width": 48.00000000,
				"height": 8.00000000
			}
		},
		{
			"entity": {
				"id": [
					185,
					62,
					200,
					149,
					170,
					234,
					66,
					190,
					169,
					190,
					231,
					242,
					48,
					30,
					29,
					134
				],
				"pos": [
					904.00000000,
					728.00000000
				],
				"queue_free": false,
				"start_disabled": false
			},
			"shape": {
				"x": 0.00000000,
				"y": 0.00000000,
				"width": 8.00000000,
				"height": 160.00000000
			}
		}
	],
	"half_walls": [

	],
	"bounds": {
		"x": 0.00000000,
		"y": 0.00000000,
		"width": 0.00000000,
		"height": 0.00000000
	},
	"has_tutorial": true,
	"save_after_completion": false
}