{
	"version": 4,
	"player_pos": [
		576.00000000,
		552.00000000
	],
	"portal_pos": [
		584.00000000,
		608.00000000
	],
	"enemies": [

	],
	"enemy_data": [
		{
			"id": [
				200,
				43,
				39,
				12,
				46,
				52,
				65,
				44,
				162,
				245,
				139,
				106,
				19,
				58,
				149,
				32
			],
			"pos": [
				635.00000000,
				606.00000000
			],
			"start_disabled": false,
			"look_angle": -35.68762589,
			"health": 80.00000000,
			"max_health": 80.00000000,
			"variant": 1
		},
		{
			"id": [
				123,
				8,
				185,
				174,
				169,
				148,
				77,
				185,
				141,
				221,
				101,
				151,
				79,
				161,
				53,
				128
			],
			"pos": [
				630.00000000,
				474.00000000
			],
			"start_disabled": false,
			"look_angle": 165.79855347,
			"health": 80.00000000,
			"max_health": 80.00000000,
			"variant": 0
		},
		{
			"id": [
				182,
				157,
				91,
				255,
				65,
				58,
				78,
				130,
				134,
				208,
				54,
				149,
				180,
				247,
				79,
				115
			],
			"pos": [
				677.00000000,
				481.00000000
			],
			"start_disabled": false,
			"look_angle": -148.50222778,
			"health": 80.00000000,
			"max_health": 80.00000000,
			"variant": 0
		},
		{
			"id": [
				160,
				248,
				31,
				131,
				3,
				84,
				69,
				165,
				164,
				146,
				153,
				136,
				234,
				132,
				57,
				228
			],
			"pos": [
				725.00000000,
				492.00000000
			],
			"start_disabled": false,
			"look_angle": 179.24449158,
			"health": 80.00000000,
			"max_health": 80.00000000,
			"variant": 0
		},
		{
			"id": [
				49,
				249,
				252,
				224,
				68,
				72,
				65,
				62,
				176,
				211,
				217,
				47,
				239,
				127,
				132,
				27
			],
			"pos": [
				716.00000000,
				546.00000000
			],
			"start_disabled": false,
			"look_angle": -106.79213715,
			"health": 80.00000000,
			"max_health": 80.00000000,
			"variant": 1
		},
		{
			"id": [
				217,
				124,
				77,
				5,
				5,
				87,
				79,
				18,
				187,
				23,
				85,
				22,
				123,
				129,
				63,
				108
			],
			"pos": [
				707.00000000,
				607.00000000
			],
			"start_disabled": false,
			"look_angle": -77.13115692,
			"health": 80.00000000,
			"max_health": 80.00000000,
			"variant": 0
		},
		{
			"id": [
				93,
				7,
				231,
				80,
				124,
				172,
				77,
				39,
				151,
				18,
				126,
				8,
				221,
				153,
				175,
				173
			],
			"pos": [
				693.00000000,
				606.00000000
			],
			"start_disabled": false,
			"look_angle": -55.20504761,
			"health": 80.00000000,
			"max_health": 80.00000000,
			"variant": 0
		}
	],
	"items": [
		{
			"moving_entity": {
				"physics_entity": {
					"entity": {
						"id": [
							212,
							11,
							97,
							157,
							220,
							13,
							74,
							98,
							129,
							51,
							79,
							180,
							32,
							168,
							98,
							121
						],
						"pos": [
							576.00000000,
							528.00000000
						],
						"queue_free": false,
						"start_disabled": false
					},
					"shape": {
						"pos": [
							0.00000000,
							0.00000000
						],
						"radius": 4.00000000
					}
				},
				"vel": [
					0.00000000,
					0.00000000
				]
			},
			"data": {
				"id": 1,
				"count": 1,
				"max_count": 0
			}
		},
		{
			"moving_entity": {
				"physics_entity": {
					"entity": {
						"id": [
							23,
							175,
							137,
							133,
							60,
							97,
							66,
							36,
							161,
							52,
							0,
							136,
							142,
							213,
							86,
							31
						],
						"pos": [
							652.00000000,
							476.00000000
						],
						"queue_free": false,
						"start_disabled": false
					},
					"shape": {
						"pos": [
							0.00000000,
							0.00000000
						],
						"radius": 4.00000000
					}
				},
				"vel": [
					0.00000000,
					0.00000000
				]
			},
			"data": {
				"id": 1,
				"count": 1,
				"max_count": 0
			}
		},
		{
			"moving_entity": {
				"physics_entity": {
					"entity": {
						"id": [
							23,
							181,
							210,
							98,
							20,
							130,
							74,
							23,
							141,
							245,
							242,
							144,
							77,
							116,
							34,
							75
						],
						"pos": [
							720.00000000,
							512.00000000
						],
						"queue_free": false,
						"start_disabled": false
					},
					"shape": {
						"pos": [
							0.00000000,
							0.00000000
						],
						"radius": 4.00000000
					}
				},
				"vel": [
					0.00000000,
					0.00000000
				]
			},
			"data": {
				"id": 1,
				"count": 1,
				"max_count": 0
			}
		}
	],
	"exploding_barrels": [
		{
			"moving_entity": {
				"physics_entity": {
					"entity": {
						"id": [
							242,
							16,
							154,
							246,
							136,
							220,
							65,
							77,
							183,
							123,
							238,
							67,
							9,
							172,
							95,
							51
						],
						"pos": [
							680.00000000,
							525.00000000
						],
						"queue_free": false,
						"start_disabled": false
					},
					"shape": {
						"pos": [
							0.00000000,
							0.00000000
						],
						"radius": 6.00000000
					}
				},
				"vel": [
					0.00000000,
					0.00000000
				]
			},
			"health": 50.00000000,
			"max_health": 50.00000000
		},
		{
			"moving_entity": {
				"physics_entity": {
					"entity": {
						"id": [
							136,
							44,
							246,
							11,
							100,
							101,
							70,
							132,
							169,
							239,
							25,
							96,
							91,
							202,
							2,
							120
						],
						"pos": [
							656.00000000,
							596.00000000
						],
						"queue_free": false,
						"start_disabled": false
					},
					"shape": {
						"pos": [
							0.00000000,
							0.00000000
						],
						"radius": 6.00000000
					}
				},
				"vel": [
					0.00000000,
					0.00000000
				]
			},
			"health": 50.00000000,
			"max_health": 50.00000000
		}
	],
	"walls": [
		{
			"entity": {
				"id": [
					32,
					86,
					8,
					239,
					120,
					154,
					68,
					107,
					147,
					13,
					44,
					152,
					40,
					127,
					46,
					215
				],
				"pos": [
					552.00000000,
					576.00000000
				],
				"queue_free": false,
				"start_disabled": false
			},
			"shape": {
				"x": 0.00000000,
				"y": 0.00000000,
				"width": 64.00000000,
				"height": 8.00000000
			}
		},
		{
			"entity": {
				"id": [
					103,
					25,
					172,
					168,
					235,
					146,
					65,
					209,
					162,
					239,
					108,
					149,
					244,
					75,
					110,
					109
				],
				"pos": [
					600.00000000,
					568.00000000
				],
				"queue_free": false,
				"start_disabled": false
			},
			"shape": {
				"x": 0.00000000,
				"y": 0.00000000,
				"width": 8.00000000,
				"height": 8.00000000
			}
		},
		{
			"entity": {
				"id": [
					244,
					125,
					14,
					245,
					254,
					92,
					78,
					232,
					169,
					181,
					180,
					134,
					144,
					137,
					177,
					180
				],
				"pos": [
					552.00000000,
					632.00000000
				],
				"queue_free": false,
				"start_disabled": false
			},
			"shape": {
				"x": 0.00000000,
				"y": 0.00000000,
				"width": 192.00000000,
				"height": 8.00000000
			}
		},
		{
			"entity": {
				"id": [
					75,
					255,
					116,
					235,
					186,
					2,
					79,
					85,
					188,
					73,
					204,
					187,
					87,
					212,
					249,
					27
				],
				"pos": [
					688.00000000,
					568.00000000
				],
				"queue_free": false,
				"start_disabled": false
			},
			"shape": {
				"x": 0.00000000,
				"y": 0.00000000,
				"width": 8.00000000,
				"height": 16.00000000
			}
		},
		{
			"entity": {
				"id": [
					177,
					149,
					15,
					235,
					156,
					72,
					77,
					27,
					178,
					172,
					192,
					250,
					128,
					174,
					168,
					80
				],
				"pos": [
					680.00000000,
					576.00000000
				],
				"queue_free": false,
				"start_disabled": false
			},
			"shape": {
				"x": 0.00000000,
				"y": 0.00000000,
				"width": 16.00000000,
				"height": 8.00000000
			}
		},
		{
			"entity": {
				"id": [
					83,
					101,
					15,
					251,
					16,
					246,
					66,
					181,
					186,
					203,
					184,
					127,
					55,
					87,
					12,
					145
				],
				"pos": [
					744.00000000,
					448.00000000
				],
				"queue_free": false,
				"start_disabled": false
			},
			"shape": {
				"x": 0.00000000,
				"y": 0.00000000,
				"width": 8.00000000,
				"height": 192.00000000
			}
		},
		{
			"entity": {
				"id": [
					90,
					173,
					148,
					143,
					127,
					83,
					79,
					97,
					160,
					165,
					198,
					252,
					63,
					175,
					222,
					234
				],
				"pos": [
					544.00000000,
					448.00000000
				],
				"queue_free": false,
				"start_disabled": false
			},
			"shape": {
				"x": 0.00000000,
				"y": 0.00000000,
				"width": 8.00000000,
				"height": 192.00000000
			}
		},
		{
			"entity": {
				"id": [
					251,
					183,
					109,
					217,
					151,
					14,
					79,
					191,
					165,
					151,
					78,
					0,
					119,
					207,
					165,
					232
				],
				"pos": [
					544.00000000,
					448.00000000
				],
				"queue_free": false,
				"start_disabled": false
			},
			"shape": {
				"x": 0.00000000,
				"y": 0.00000000,
				"width": 208.00000000,
				"height": 8.00000000
			}
		},
		{
			"entity": {
				"id": [
					249,
					186,
					111,
					146,
					89,
					221,
					69,
					44,
					142,
					107,
					241,
					5,
					190,
					27,
					214,
					54
				],
				"pos": [
					680.00000000,
					496.00000000
				],
				"queue_free": false,
				"start_disabled": false
			},
			"shape": {
				"x": 0.00000000,
				"y": 0.00000000,
				"width": 16.00000000,
				"height": 8.00000000
			}
		},
		{
			"entity": {
				"id": [
					75,
					110,
					190,
					215,
					88,
					143,
					78,
					40,
					148,
					238,
					216,
					246,
					146,
					223,
					20,
					241
				],
				"pos": [
					688.00000000,
					496.00000000
				],
				"queue_free": false,
				"start_disabled": false
			},
			"shape": {
				"x": 0.00000000,
				"y": 0.00000000,
				"width": 8.00000000,
				"height": 16.00000000
			}
		},
		{
			"entity": {
				"id": [
					107,
					127,
					139,
					168,
					51,
					81,
					78,
					36,
					175,
					92,
					65,
					19,
					237,
					181,
					238,
					12
				],
				"pos": [
					600.00000000,
					496.00000000
				],
				"queue_free": false,
				"start_disabled": false
			},
			"shape": {
				"x": 0.00000000,
				"y": 0.00000000,
				"width": 16.00000000,
				"height": 8.00000000
			}
		},
		{
			"entity": {
				"id": [
					234,
					184,
					56,
					203,
					23,
					0,
					75,
					96,
					148,
					24,
					122,
					125,
					203,
					26,
					100,
					85
				],
				"pos": [
					600.00000000,
					496.00000000
				],
				"queue_free": false,
				"start_disabled": false
			},
			"shape": {
				"x": 0.00000000,
				"y": 0.00000000,
				"width": 8.00000000,
				"height": 16.00000000
			}
		}
	],
	"half_walls": [
		{
			"physics_entity": {
				"entity": {
					"id": [
						117,
						166,
						180,
						72,
						17,
						47,
						76,
						249,
						130,
						97,
						146,
						64,
						135,
						80,
						29,
						193
					],
					"pos": [
						616.00000000,
						576.00000000
					],
					"queue_free": false,
					"start_disabled": false
				},
				"shape": {
					"x": 0.00000000,
					"y": 0.00000000,
					"width": 64.00000000,
					"height": 8.00000000
				}
			}
		},
		{
			"physics_entity": {
				"entity": {
					"id": [
						86,
						245,
						230,
						154,
						76,
						96,
						76,
						18,
						176,
						111,
						241,
						225,
						195,
						154,
						132,
						62
					],
					"pos": [
						688.00000000,
						512.00000000
					],
					"queue_free": false,
					"start_disabled": false
				},
				"shape": {
					"x": 0.00000000,
					"y": 0.00000000,
					"width": 8.00000000,
					"height": 56.00000000
				}
			}
		},
		{
			"physics_entity": {
				"entity": {
					"id": [
						94,
						94,
						222,
						55,
						35,
						194,
						75,
						155,
						142,
						250,
						106,
						17,
						179,
						18,
						25,
						104
					],
					"pos": [
						616.00000000,
						496.00000000
					],
					"queue_free": false,
					"start_disabled": false
				},
				"shape": {
					"x": 0.00000000,
					"y": 0.00000000,
					"width": 64.00000000,
					"height": 8.00000000
				}
			}
		},
		{
			"physics_entity": {
				"entity": {
					"id": [
						181,
						243,
						227,
						106,
						87,
						180,
						67,
						2,
						154,
						147,
						159,
						14,
						13,
						63,
						213,
						171
					],
					"pos": [
						600.00000000,
						512.00000000
					],
					"queue_free": false,
					"start_disabled": false
				},
				"shape": {
					"x": 0.00000000,
					"y": 0.00000000,
					"width": 8.00000000,
					"height": 56.00000000
				}
			}
		}
	],
	"bounds": {
		"x": 0.00000000,
		"y": 0.00000000,
		"width": 0.00000000,
		"height": 0.00000000
	},
	"has_tutorial": false,
	"save_after_completion": false
}