{
	"prompts": [
        {
            "pos": [
                0.5,
                0.1
            ],
            "text": "Eliminate all enemies as FAST as possible!",
            "condition": {
                "type": 1,
                "count": 0
            },
            "invert_condition": true,
            "on_screen": true
        },
        {
            "pos": [
                0.5,
                0.1
            ],
            "text": "Nice Job!",
            "condition": {
                "type": 1,
                "count": 0
            },
            "on_screen": true
        }
    ],
	"actions": [],
	"hide_item_hud": false,
	"hide_weapon_hud": false,
	"hide_dash_hud": false,
	"disable_ability": false,
	"hide_all_hud": false,
	"hide_speedrun_timer": false,
	"enable_enemy_dummies": false,
	"disable_throwing": true,
	"disable_switching": true,
	"disable_dropping": true
}